0,250,549
E,12,0,500,250,549
E,13,0,500,250,549
E,14,0,500,250,549
E,15,0,500,250,549
E,16,0,500,250,549
E,17,0,500,250,549
E,18,0,500,250,549
E,19,0,500,250,549
E,20,0,500,250,549
E,21,0,500,250,549
E,22,0,500,250,549
E,23,0,500,250,549
E,24,0,500,250,549
E,25,0,500,250,549
E,26,0,500,250,549
E,27,0,500,250,549
E,28,0,500,250,549
E,29,0,500,250,549
E,30,0,500,250,549
E,31,0,500,250,549
E,32,0,500,250,549
E,33,0,500,250,549
E,34,0,500,250,549
E,35,0,500,250,549
E,36,0,500,250,549
E,37,0,500,250,549
E,38,0,500,250,549
E,39,0,500,250,549
E,40,0,500,250,549
E,41,0,500,250,549
E,42,0,500,250,549
E,43,0,500,250,549
E,44,0,500,250,549
E,45,0,500,250,549
E,46,0,500,250,549
E,47,0,500,250,549
E,48,0,500,250,549
E,49,0,500,250,549
E,50,0,500,250,549
E,51,0,500,250,549
E,52,0,500,250,549
E,53,0,500,250,549
E,54,0,500,250,549
E,55,0,500,250,549
E,56,0,500,250,549
E,57,0,500,250,549
E,58,0,500,250,549
E,59,0,500,250,549
E,60,0,500,250,549
E,61,0,500,250,549
E,62,0,500,250,549
E,63,0,500,250,549
E,64,0,500,250,293
E,65,0,500,250,293
E,66,0,500�b�b���b���b�ʚ
E,81,0,500,250,293
E,82,0,500,250,293
E,83,0,500,250,293
E,84,0,500,250,549
E,85,0,500,250,293
E,86,0,500,250,293
E,87,0,500,250,293
E,88,0,500,250,293
E,89,0,500,250,549
E,90,0,500,250,293
E,91,0,500,250,293
E,92,0,500,250,293
E,93,0,500,250,293
E,94,0,500,250,549
E,95,0,500,250,293
E,96,0,500,250,293
E,97,0,500,250,293
E,98,0,500,250,293
E,99,0,500,250,549
E,100,0,500,250,293
E,101,0,500,250,293
E,102,0,500,250,293
E,103,0,500,250,293
E,104,0,500,250,549
E,105,0,500,250,293
E,106,0,500,250,293
E,107,0,500,250,293
E,108,0,500,250,293
E,109,0,500,250,549
E,110,0,500,250,293
E,111,0,500,250,293
E,112,0,500,250,293
E,113,0,500,250,293
E,114,0,500,250,549
E,115,0,500,250,293
E,116,0,500,250,293
E,117,0,500,250,293
E,118,0,500,250,293
E,119,0,500,250,549
E,120,0,500,250,293
E,121,0,500,250,293
E,122,0,500,250,293
E,123,0,500,250,293
E,124,0,500,250,549
E,125,0,500,250,293
E,126,0,500,250,293
E,127,0,500,250,293
E,128,0,500,250,293
E,129,0,500,250,293
E,130,0,500,250,549
E,131,0,500,250,293
E,132,0,500,250,293
E,133,0,500,250,293
E,134,0,500,250,293
E,135,0,500,250,549
E,136,0,500,250,293
E,137,0,500,250,293
E,138,0,500,250,293
E,139,0,500,250,293
E,140,0,500,250,549
E,141,0,500,250,293
E,142,0,500,250,293
E,143,0,500,250,293
E,144,0,500,250,293
E,145,0,500,250,549
E,146,0,500,250,293
E,147,0,500,250,293
E,148,0,500,250,293
E,149,0,500,250,293
E,150,0,500,250,549
E,151,0,500,250,293
E,152,0,500,250,293
E,153,0,500,250,293
E,154,0,500,250,293
E,155,0,500,250,549
E,156,0,500,250,293
E,157,0,500,250,293
E,158,0,500,250,293
E,159,0,500,250,293
E,160,0,500,250,549
E,161,0,500,250,293
E,162,0,500,250,293
E,163,0,500,250,293
E,164,0,500,250,293
E,165,0,500,250,549
E,166,0,500,250,293
E,167,0,500,250,293
E,168,0,500,250,293
E,169,0,500,250,293
E,170,0,500,250,549
E,171,0,500,250,293
E,172,0,500,250,293
E,173,0,500,250,293
E,174,0,500,250,293
E,175,0,500,250,549
E,176,0,500,250,293
E,177,0,500,250,293
E,178,0,500,250,293
E,179,0,500,250,293
E,180,0,500,250,293
E,181,0,500,250,549
E,182,0,500,250,293
E,183,0,500,250,293
E,184,0,500,250,293
E,185,0,500,250,293
E,186,0,500,250,549
E,187,0,500,250,293
E,188,0,500,250,293
E,189,0,500,250,293
E,190,0,500,250,293
E,191,0,500,250,549
E,192,0,500,250,293
E,193,0,500,250,293
E,194,0,500,250,293
E,195,0,500,250,293
E,196,0,500,250,549
E,197,0,500,250,293
E,198,0,500,250,293
E,199,0,500,250,293
E,200,0,500,250,293
E,201,0,500,250,549
E,202,0,500,250,293
E,203,0,500,250,293
E,204,0,500,250,293
E,205,0,500,250,293
E,206,0,500,250,549
E,207,0,500,250,293
E,208,0,500,250,293
E,209,0,500,250,293
E,210,0,500,250,293
E,211,0,500,250,549
E,212,0,500,250,293
E,213,0,500,250,293
E,214,0,500,250,293
E,215,0,500,250,293
E,216,0,500,250,549
E,217,0,500,250,293
E,218,0,500,250,293
E,219,0,500,250,293
E,220,0,500,250,293
E,221,0,500,250,549
E,222,0,500,250,293
E,223,0,500,250,293
E,224,0,500,250,293
E,225,0,500,250,293
E,226,0,500,250,549
E,227,0,500,250,293
E,228,0,500,250,293
E,229,0,500,250,293
E,230,0,500,250,293
E,231,0,500,250,293
E,232,0,500,250,549
E,233,0,500,250,293
E,234,0,500,250,293
E,235,0,500,250,293
E,236,0,500,250,293
E,237,0,500,250,549
E,238,0,500,250,293
E,239,0,500,250,293
E,240,0,500,250,293
E,241,0,500,250,293
E,242,0,500,250,549
E,243,0,500,250,293
E,244,0,500,250,549
E,245,0,500,250,549
E,246,0,500,250,549
E,247,0,500,250,549
E,248,0,500,250,549
E,249,0,500,250,549
E,250,0,500,250,549
E,251,0,500,250,549
E,252,0,500,250,549
E,253,0,500,250,549
E,254,0,500,250,549
E,255,0,500,250,556
E,256,0,500,250,549
E,257,0,500,250,549
E,258,0,500,250,549
E,259,0,500,250,549
E,260,0,500,250,549
E,261,0,500,250,549
E,262,0,500,250,549
E,263,0,500,250,549
E,264,0,500,250,549
E,265,0,500,250,549
E,266,0,500,250,549
E,267,0,500,250,549
E,268,0,500,250,549
E,269,0,500,250,549
E,270,0,500,250,549
E,271,0,500,250,549
E,272,0,500,250,549
E,273,0,500,250,549
E,274,0,500,250,549
E,275,0,500,250,549
E,276,0,500,250,549
E,277,0,500,250,549
E,278,0,500,250,549
E,279,0,500,250,549
E,280,0,500,250,549
E,281,0,500,250,549
E,282,0,500,250,549
E,283,0,500,250,549
E,284,0,500,250,549
E,285,0,500,250,549
E,286,0,500,250,549
E,287,0,500,250,549
E,288,0,500,250,549
E,289,0,500,250,549
E,290,0,500,250,549
E,291,0,500,250,549
E,292,0,500,250,549
E,293,0,500,250,549
E,294,0,500,250,549
E,295,0,500,250,549
E,296,0,500,250,549
E,297,0,500,250,549
E,298,0,500,250,549
E,299,0,500,250,549
E,300,0,500,250,549
E,301,0,500,250,549
E,302,0,500,250,549
E,303,0,500,250,549
E,304,0,500,250,549
E,305,0,500,250,549
E,306,0,500,250,549
E,307,0,500,250,549
E,308,0,500,250,549
E,309,0,500,250,549
E,310,0,500,250,549
E,311,0,500,250,549
E,312,0,500,250,549
E,313,0,500,250,549
E,314,0,500,250,549
E,315,0,500,250,549
E,316,0,500,250,549
E,317,0,500,250,549
E,318,0,500,250,549
E,319,0,500,250,549
E,324,0,500,250,549
E,329,0,500,250,549
E,335,0,500,250,549
E,340,0,500,250,549
E,345,0,500,250,549
E,350,0,500,250,549
E,355,0,500,250,549
E,360,0,500,250,549
E,365,0,500,250,549
E,370,0,500,250,549
E,375,0,500,250,549
E,380,0,500,250,549
E,386,0,500,250,549
E,391,0,500,250,549
E,396,0,500,250,549
E,401,0,500,250,549
E,406,0,500,250,549
E,411,0,500,250,549
E,416,0,500,250,549
E,421,0,500,250,549
E,426,0,500,250,549
E,431,0,500,250,549
E,437,0,500,250,549
E,442,0,500,250,549
E,447,0,500,250,549
E,452,0,500,250,549
E,457,0,500,250,549
E,462,0,500,250,549
E,467,0,500,250,549
E,472,0,500,250,549
E,477,0,500,250,549
E,482,0,500,250,549
E,488,0,500,250,549
E,493,0,500,250,549
E,498,0,500,250,549
# step 1/13 rpm=500 period_us=333 ints=500 count=355
D,step_1,116761444,29,145,187,182,91
H,step_1,176546,24160,0
E,500,1,1000,250,1309
E,501,1,1000,250,549
E,502,1,1000,250,549
E,503,1,1000,250,549
E,504,1,1000,250,549
E,505,1,1000,250,549
E,506,1,1000,250,549
E,507,1,1000,250,549
E,508,1,1000,250,549
E,509,1,1000,250,549
E,510,1,1000,250,549
E,511,1,1000,250,549
E,512,1,1000,250,549
E,513,1,1000,250,549
E,514,1,1000,250,549
E,515,1,1000,250,549
E,516,1,1000,250,549
E,517,1,1000,250,549
E,518,1,1000,250,549
E,519,1,1000,250,549
E,520,1,1000,250,549
E,521,1,1000,250,549
E,522,1,1000,250,549
E,523,1,1000,250,549
E,524,1,1000,250,549
E,525,1,1000,250,549
E,526,1,1000,250,293
E,527,1,1000,250,293
E,528,1,1000,250,293
E,529,1,1000,250,293
E,530,1,1000,250,293
E,531,1,1000,250,293
E,532,1,1000,250,293
E,533,1,1000,250,293
E,534,1,1000,250,293
E,535,1,1000,250,293
E,536,1,1000,250,549
E,537,1,1000,250,293
E,538,1,1000,250,293
E,539,1,1000,250,293
E,540,1,1000,250,293
E,541,1,1000,250,293
E,542,1,1000,250,293
E,543,1,1000,250,293
E,544,1,1000,250,293
E,545,1,1000,250,293
E,546,1,1000,250,293
E,547,1,1000,250,549
E,548,1,1000,250,293
E,549,1,1000,250,293
E,550,1,1000,250,293
E,551,1,1000,250,293
E,552,1,1000,250,293
E,553,1,1000,250,293
E,554,1,1000,250,293
E,555,1,1000,250,293
E,556,1,1000,250,293
E,557,1,1000,250,293
E,558,1,1000,250,549
E,559,1,1000,250,293
E,560,1,1000,250,293
E,561,1,1000,250,293
E,562,1,1000,250,293
E,563,1,1000,250,293
E,564,1,1000,250,293
E,565,1,1000,250,293
E,566,1,1000,250,293
E,567,1,1000,250,293
E,568,1,1000,250,293
E,569,1,1000,250,293
E,570,1,1000,250,549
E,571,1,1000,250,293
E,572,1,1000,250,293
E,573,1,1000,250,293
E,574,1,1000,250,293
E,575,1,1000,250,293
E,576,1,1000,250,293
E,577,1,1000,250,293
E,578,1,1000,250,293
E,579,1,1000,250,293
E,580,1,1000,250,293
E,581,1,1000,250,549
E,582,1,1000,250,293
E,583,1,1000,250,293
E,584,1,1000,250,293
E,585,1,1000,250,293
E,586,1,1000,250,293
E,587,1,1000,250,293
E,588,1,1000,250,293
E,589,1,1000,250,293
E,590,1,1000,250,293
E,591,1,1000,250,293
E,592,1,1000,250,549
E,593,1,1000,250,293
E,594,1,1000,250,293
E,595,1,1000,250,293
E,596,1,1000,250,293
E,597,1,1000,250,293
E,598,1,1000,250,293
E,599,1,1000,250,293
E,600,1,1000,250,293
E,601,1,1000,250,293
E,602,1,1000,250,293
E,603,1,1000,250,549
E,604,1,1000,250,293
E,605,1,1000,250,293
E,606,1,1000,250,293
E,607,1,1000,250,293
E,608,1,1000,250,293
E,609,1,1000,250,293
E,610,1,1000,250,293
E,611,1,1000,250,293
E,612,1,1000,250,293
E,613,1,1000,250,293
E,614,1,1000,250,549
E,615,1,1000,250,293
E,616,1,1000,250,293
E,617,1,1000,250,293
E,618,1,1000,250,293
E,619,1,1000,250,293
E,620,1,1000,250,293
E,621,1,1000,250,293
E,622,1,1000,250,293
E,623,1,1000,250,293
E,624,1,1000,250,293
E,625,1,1000,250,293
E,626,1,1000,250,549
E,627,1,1000,250,293
E,628,1,1000,250,293
E,629,1,1000,250,293
E,630,1,1000,250,293
E,631,1,1000,250,293
E,632,1,1000,250,293
E,633,1,1000,250,293
E,634,1,1000,250,293
E,635,1,1000,250,293
E,636,1,1000,250,293
E,637,1,1000,250,549
E,638,1,1000,250,293
E,639,1,1000,250,293
E,640,1,1000,250,293
E,641,1,1000,250,293
E,642,1,1000,250,293
E,643,1,1000,250,293
E,644,1,1000,250,293
E,645,1,1000,250,293
E,646,1,1000,250,293
E,647,1,1000,250,293
E,648,1,1000,250,549
E,649,1,1000,250,293
E,650,1,1000,250,293
E,651,1,1000,250,293
E,652,1,1000,250,293
E,653,1,1000,250,293
E,654,1,1000,250,293
E,655,1,1000,250,293
E,656,1,1000,250,293
E,657,1,1000,250,293
E,658,1,1000,250,293
E,659,1,1000,250,549
E,660,1,1000,250,293
E,661,1,1000,250,293
E,662,1,1000,250,293
E,663,1,1000,250,293
E,664,1,1000,250,293
E,665,1,1000,250,293
E,666,1,1000,250,293
E,667,1,1000,250,293
E,668,1,1000,250,293
E,669,1,1000,250,293
E,670,1,1000,250,549
E,671,1,1000,250,293
E,672,1,1000,250,293
E,673,1,1000,250,293
E,674,1,1000,250,293
E,675,1,1000,250,293
E,676,1,1000,250,293
E,677,1,1000,250,293
E,678,1,1000,250,293
E,679,1,1000,250,293
E,680,1,1000,250,293
E,681,1,1000,250,293
E,682,1,1000,250,549
E,683,1,1000,250,293
E,684,1,1000,250,293
E,685,1,1000,250,293
E,686,1,1000,250,293
E,687,1,1000,250,293
E,688,1,1000,250,293
E,689,1,1000,250,293
E,690,1,1000,250,293
E,691,1,1000,250,293
E,692,1,1000,250,293
E,693,1,1000,250,549
E,694,1,1000,250,293
E,695,1,1000,250,293
E,696,1,1000,250,293
E,697,1,1000,250,293
E,698,1,1000,250,293
E,699,1,1000,250,293
E,700,1,1000,250,293
E,701,1,1000,250,293
E,702,1,1000,250,293
E,703,1,1000,250,293
E,704,1,1000,250,549
E,705,1,1000,250,293
E,706,1,1000,250,293
E,707,1,1000,250,293
E,708,1,1000,250,293
E,709,1,1000,250,293
E,710,1,1000,250,293
E,711,1,1000,250,293
E,712,1,1000,250,293
E,713,1,1000,250,293
E,714,1,1000,250,293
E,715,1,1000,250,549
E,716,1,1000,250,293
E,717,1,1000,250,293
E,718,1,1000,250,293
E,719,1,1000,250,293
E,720,1,1000,250,293
E,721,1,1000,250,293
E,722,1,1000,250,293
E,723,1,1000,250,293
E,724,1,1000,250,293
E,725,1,1000,250,293
E,726,1,1000,250,293
E,727,1,1000,250,549
E,728,1,1000,250,293
E,729,1,1000,250,293
E,730,1,1000,250,293
E,731,1,1000,250,293
E,732,1,1000,250,293
E,733,1,1000,250,293
E,734,1,1000,250,293
E,735,1,1000,250,293
E,736,1,1000,250,293
E,737,1,1000,250,293
E,738,1,1000,250,549
E,739,1,1000,250,293
E,740,1,1000,250,293
E,741,1,1000,250,293
E,742,1,1000,250,293
E,743,1,1000,250,293
E,744,1,1000,250,549
E,745,1,1000,250,549
E,746,1,1000,250,549
E,747,1,1000,250,549
E,748,1,1000,250,549
E,749,1,1000,250,549
E,750,1,1000,250,549
E,751,1,1000,250,549
E,752,1,1000,250,549
E,753,1,1000,250,549
E,754,1,1000,250,549
E,755,1,1000,250,549
E,756,1,1000,250,549
E,757,1,1000,250,549
E,758,1,1000,250,549
E,759,1,1000,250,549
E,760,1,1000,250,549
E,761,1,1000,250,549
E,762,1,1000,250,549
E,763,1,1000,250,549
E,764,1,1000,250,549
E,765,1,1000,250,549
E,766,1,1000,250,549
E,767,1,1000,250,549
E,768,1,1000,250,549
E,769,1,1000,250,549
E,770,1,1000,250,549
E,771,1,1000,250,549
E,772,1,1000,250,549
E,773,1,1000,250,549
E,774,1,1000,250,549
E,775,1,1000,250,549
E,776,1,1000,250,549
E,777,1,1000,250,549
E,778,1,1000,250,549
E,779,1,1000,250,549
E,780,1,1000,250,549
E,781,1,1000,250,549
E,792,1,1000,250,549
E,803,1,1000,250,549
E,814,1,1000,250,549
E,826,1,1000,250,549
E,837,1,1000,250,549
E,848,1,1000,250,549
E,859,1,1000,250,549
E,870,1,1000,250,549
E,882,1,1000,250,549
E,893,1,1000,250,549
E,904,1,1000,250,549
E,915,1,1000,250,549
E,926,1,1000,250,549
E,938,1,1000,250,549
E,949,1,1000,250,549
E,960,1,1000,250,549
E,971,1,1000,250,549
E,983,1,1000,250,549
E,994,1# step 2/13 rpm=1000 period_us=166 ints=500 count=655
D,step_2,216021134,220,123,42,58,230
H,step_2,172042,23927,0
,1000,250,549
E,1000,2,1500,250,549
E,1001,2,1500,250,549
E,1002,2,1500,250,549
E,1003,2,1500,250,549
E,1004,2,1500,250,549
E,1005,2,1500,250,549
E,1006,2,1500,250,549
E,1007,2,1500,250,549
E,1008,2,1500,250,549
E,1009,2,1500,250,549
E,1010,2,1500,250,549
E,1011,2,1500,250,549
E,1012,2,1500,250,549
E,1013,2,1500,250,549
E,1014,2,1500,250,549
E,1015,2,1500,250,549
E,1016,2,1500,250,293
E,1017,2,1500,250,293
E,1018,2,1500,250,293
E,1019,2,1500,250,293
E,1020,2,1500,250,549
E,1021,2,1500,250,293
E,1022,2,1500,250,293
E,1023,2,1500,250,293
E,1024,2,1500,250,293
E,1025,2,1500,250,293
E,1026,2,1500,250,293
E,1027,2,1500,250,293
E,1028,2,1500,250,293
E,1029,2,1500,250,293
E,1030,2,1500,250,293
E,1031,2,1500,250,293
E,1032,2,1500,250,293
E,1033,2,1500,250,293
E,1034,2,1500,250,293
E,1035,2,1500,250,293
E,1036,2,1500,250,293
E,1037,2,1500,250,549
E,1038,2,1500,250,293
E,1039,2,1500,250,293
E,1040,2,1500,250,293
E,1041,2,1500,250,293
E,1042,2,1500,250,293
E,1043,2,1500,250,293
E,1044,2,1500,250,293
E,1045,2,1500,250,293
E,1046,2,1500,250,293
E,1047,2,1500,250,293
E,1048,2,1500,250,293
E,1049,2,1500,250,293
E,1050,2,1500,250,293
E,1051,2,1500,250,293
E,1052,2,1500,250,293
E,1053,2,1500,250,549
E,1054,2,1500,250,293
E,1055,2,1500,250,293
E,1056,2,1500,250,293
E,1057,2,1500,250,293
E,1058,2,1500,250,293
E,1059,2,1500,250,293
E,1060,2,1500,250,293
E,1061,2,1500,250,293
E,1062,2,1500,250,293
E,1063,2,1500,250,293
E,1064,2,1500,250,293
E,1065,2,1500,250,293
E,1066,2,1500,250,293
E,1067,2,1500,250,293
E,1068,2,1500,250,293
E,1069,2,1500,250,293
E,1070,2,1500,250,549
E,1071,2,1500,250,293
E,1072,2,1500,250,293
E,1073,2,1500,250,293
E,1074,2,1500,250,293
E,1075,2,1500,250,293
E,1076,2,1500,250,293
E,1077,2,1500,250,293
E,1078,2,1500,250,293
E,1079,2,1500,250,293
E,1080,2,1500,250,293
E,1081,2,1500,250,293
E,1082,2,1500,250,293
E,1083,2,1500,250,293
E,1084,2,1500,250,293
E,1085,2,1500,250,293
E,1086,2,1500,250,549
E,1087,2,1500,250,293
E,1088,2,1500,250,293
E,1089,2,1500,250,293
E,1090,2,1500,250,293
E,1091,2,1500,250,293
E,1092,2,1500,250,293
E,1093,2,1500,250,293
E,1094,2,1500,250,293
E,1095,2,1500,250,293
E,1096,2,1500,250,293
E,1097,2,1500,250,293
E,1098,2,1500,250,293
E,1099,2,1500,250,293
E,1100,2,1500,250,293
E,1101,2,1500,250,293
E,1102,2,1500,250,293
E,1103,2,1500,250,549
E,1104,2,1500,250,293
E,1105,2,1500,250,293
E,1106,2,1500,250,293
E,1107,2,1500,250,293
E,1108,2,1500,250,293
E,1109,2,1500,250,293
E,1110,2,1500,250,293
E,1111,2,1500,250,293
E,1112,2,1500,250,293
E,1113,2,1500,250,293
E,1114,2,1500,250,293
E,1115,2,1500,250,293
E,1116,2,1500,250,293
E,1117,2,1500,250,293
E,1118,2,1500,250,293
E,1119,2,1500,250,293
E,1120,2,1500,250,549
E,1121,2,1500,250,293
E,1122,2,1500,250,293
E,1123,2,1500,250,293
E,1124,2,1500,250,293
E,1125,2,1500,250,293
E,1126,2,1500,250,293
E,1127,2,1500,250,293
E,1128,2,1500,250,293
E,1129,2,1500,250,293
E,1130,2,1500,250,293
E,1131,2,1500,250,293
E,1132,2,1500,250,293
E,1133,2,1500,250,293
E,1134,2,1500,250,293
E,1135,2,1500,250,293
E,1136,2,1500,250,549
E,1137,2,1500,250,293
E,1138,2,1500,250,293
E,1139,2,1500,250,293
E,1140,2,1500,250,293
E,1141,2,1500,250,293
E,1142,2,1500,250,293
E,1143,2,1500,250,293
E,1144,2,1500,250,293
E,1145,2,1500,250,293
E,1146,2,1500,250,293
E,1147,2,1500,250,293
E,1148,2,1500,250,293
E,1149,2,1500,250,293
E,1150,2,1500,250,293
E,1151,2,1500,250,293
E,1152,2,1500,250,293
E,1153,2,1500,250,549
E,1154,2,1500,250,293
E,1155,2,1500,250,293
E,1156,2,1500,250,293
E,1157,2,1500,250,293
E,1158,2,1500,250,293
E,1159,2,1500,250,293
E,1160,2,1500,250,293
E,1161,2,1500,250,293
E,1162,2,1500,250,293
E,1163,2,1500,250,293
E,1164,2,1500,250,293
E,1165,2,1500,250,293
E,1166,2,1500,250,293
E,1167,2,1500,250,293
E,1168,2,1500,250,293
E,1169,2,1500,250,549
E,1170,2,1500,250,293
E,1171,2,1500,250,293
E,1172,2,1500,250,293
E,1173,2,1500,250,293
E,1174,2,1500,250,293
E,1175,2,1500,250,293
E,1176,2,1500,250,293
E,1177,2,1500,250,293
E,1178,2,1500,250,293
E,1179,2,1500,250,293
E,1180,2,1500,250,293
E,1181,2,1500,250,293
E,1182,2,1500,250,293
E,1183,2,1500,250,293
E,1184,2,1500,250,293
E,1185,2,1500,250,293
E,1186,2,1500,250,549
E,1187,2,1500,250,293
E,1188,2,1500,250,293
E,1189,2,1500,250,293
E,1190,2,1500,250,293
E,1191,2,1500,250,293
E,1192,2,1500,250,293
E,1193,2,1500,250,293
E,1194,2,1500,250,293
E,1195,2,1500,250,293
E,1196,2,1500,250,293
E,1197,2,1500,250,293
E,1198,2,1500,250,293
E,1199,2,1500,250,293
E,1200,2,1500,250,293
E,1201,2,1500,250,293
E,1202,2,1500,250,293
E,1203,2,1500,250,549
E,1204,2,1500,250,293
E,1205,2,1500,250,293
E,1206,2,1500,250,293
E,1207,2,1500,250,293
E,1208,2,1500,250,293
E,1209,2,1500,250,293
E,1210,2,1500,250,293
E,1211,2,1500,250,293
E,1212,2,1500,250,293
E,1213,2,1500,250,293
E,1214,2,1500,250,293
E,1215,2,1500,250,293
E,1216,2,1500,250,293
E,1217,2,1500,250,293
E,1218,2,1500,250,293
E,1219,2,1500,250,549
E,1220,2,1500,250,293
E,1221,2,1500,250,293
E,1222,2,1500,250,293
E,1223,2,1500,250,293
E,1224,2,1500,250,293
E,1225,2,1500,250,293
E,1226,2,1500,250,293
E,1227,2,1500,250,293
E,1228,2,1500,250,293
E,1229,2,1500,250,293
E,1230,2,1500,250,293
E,1231,2,1500,250,293
E,1232,2,1500,250,293
E,1233,2,1500,250,293
E,1234,2,1500,250,293
E,1235,2,1500,250,293
E,1236,2,1500,250,549
E,1237,2,1500,250,293
E,1238,2,1500,250,293
E,1239,2,1500,250,293
E,1240,2,1500,250,293
E,1241,2,1500,250,293
E,1242,2,1500,250,293
E,1243,2,1500,250,293
E,1244,2,1500,250,549
E,1245,2,1500,250,549
E,1246,2,1500,250,549
E,1247,2,1500,250,549
E,1248,2,1500,250,549
E,1249,2,1500,250,549
E,1250,2,1500,250,549
E,1251,2,1500,250,549
E,1252,2,1500,250,549
E,1253,2,1500,250,549
E,1254,2,1500,250,549
E,1255,2,1500,250,549
E,1256,2,1500,250,549
E,1257,2,1500,250,549
E,1258,2,1500,250,549
E,1259,2,1500,250,549
E,1260,2,1500,250,549
E,1261,2,1500,250,549
E,1262,2,1500,250,549
E,1263,2,1500,250,549
E,1264,2,1500,250,549
E,1265,2,1500,250,549
E,1266,2,1500,250,549
E,1267,2,1500,250,549
E,1268,2,1500,250,549
E,1269,2,1500,250,549
E,1270,2,1500,250,549
E,1271,2,1500,250,549
E,1276,2,1500,250,549
E,1293,2,1500,250,549
E,1309,2,1500,250,549
E,1326,2,1500,250,549
E,1342,2,1500,250,549
E,1359,2,1500,250,549
E,1376,2,1500,250,549
E,1392,2,1500,250,549
E,1409,2,1500,250,549
E,1425,2,1500,250,549
E,1442,2,1500,250,549
E,1459,2,1500,250,549
E,1475,2,1500,250,549
E,1492,2,1500,250,549
# step 3/13 rpm=1500 period_us=111 ints=500 count=942
D,step_3,315276328,40,163,108,178,44
H,step_3,171441,24278,0
E,1500,3,2000,250,1309
E,1501,3,2000,250,549
E,1502,3,2000,250,549
E,1503,3,2000,250,549
E,1504,3,2000,250,549
E,1505,3,2000,250,549
E,1506,3,2000,250,549
E,1507,3,2000,250,549
E,1508,3,2000,250,549
E,1509,3,2000,250,549
E,1510,3,2000,250,549
E,1511,3,2000,250,549
E,1512,3,2000,250,549
E,1513,3,2000,250,293
E,1514,3,2000,250,293
E,1515,3,2000,250,293
E,1516,3,2000,250,293
E,1517,3,2000,250,293
E,1518,3,2000,250,293
E,1519,3,2000,250,293
E,1520,3,2000,250,293
E,1521,3,2000,250,293
E,1522,3,2000,250,293
E,1523,3,2000,250,293
E,1524,3,2000,250,293
E,1525,3,2000,250,293
E,1526,3,2000,250,293
E,1527,3,2000,250,293
E,1528,3,2000,250,293
E,1529,3,2000,250,293
E,1530,3,2000,250,293
E,1531,3,2000,250,293
E,1532,3,2000,250,293
E,1533,3,2000,250,293
E,1534,3,2000,250,293
E,1535,3,2000,250,293
E,1536,3,2000,250,293
E,1537,3,2000,250,293
E,1538,3,2000,250,293
E,1539,3,2000,250,293
E,1540,3,2000,250,293
E,1541,3,2000,250,293
E,1542,3,2000,250,293
E,1543,3,2000,250,293
E,1544,3,2000,250,293
E,1545,3,2000,250,293
E,1546,3,2000,250,293
E,1547,3,2000,250,293
E,1548,3,2000,250,293
E,1549,3,2000,250,293
E,1550,3,2000,250,293
E,1551,3,2000,250,549
E,1552,3,2000,250,293
E,1553,3,2000,250,293
E,1554,3,2000,250,293
E,1555,3,2000,250,293
E,1556,3,2000,250,293
E,1557,3,2000,250,293
E,1558,3,2000,250,293
E,1559,3,2000,250,293
E,1560,3,2000,250,293
E,1561,3,2000,250,293
E,1562,3,2000,250,293
E,1563,3,2000,250,293
E,1564,3,2000,250,293
E,1565,3,2000,250,293
E,1566,3,2000,250,293
E,1567,3,2000,250,293
E,1568,3,2000,250,293
E,1569,3,2000,250,293
E,1570,3,2000,250,293
E,1571,3,2000,250,293
E,1572,3,2000,250,293
E,1573,3,2000,250,549
E,1574,3,2000,250,293
E,1575,3,2000,250,293
E,1576,3,2000,250,293
E,1577,3,2000,250,293
E,1578,3,2000,250,293
E,1579,3,2000,250,293
E,1580,3,2000,250,293
E,1581,3,2000,250,293
E,1582,3,2000,250,293
E,1583,3,2000,250,293
E,1584,3,2000,250,293
E,1585,3,2000,250,293
E,1586,3,2000,250,293
E,1587,3,2000,250,293
E,1588,3,2000,250,293
E,1589,3,2000,250,293
E,1590,3,2000,250,293
E,1591,3,2000,250,293
E,1592,3,2000,250,293
E,1593,3,2000,250,293
E,1594,3,2000,250,293
E,1595,3,2000,250,549
E,1596,3,2000,250,293
E,1597,3,2000,250,293
E,1598,3,2000,250,293
E,1599,3,2000,250,293
E,1600,3,2000,250,293
E,1601,3,2000,250,293
E,1602,3,2000,250,293
E,1603,3,2000,250,293
E,1604,3,2000,250,293
E,1605,3,2000,250,293
E,1606,3,2000,250,293
E,1607,3,2000,250,293
E,1608,3,2000,250,293
E,1609,3,2000,250,293
E,1610,3,2000,250,293
E,1611,3,2000,250,293
E,1612,3,2000,250,293
E,1613,3,2000,250,293
E,1614,3,2000,250,293
E,1615,3,2000,250,293
E,1616,3,2000,250,293
E,1617,3,2000,250,293
E,1618,3,2000,250,549
E,1619,3,2000,250,293
E,1620,3,2000,250,293
E,1621,3,2000,250,293
E,1622,3,2000,250,293
E,1623,3,2000,250,293
E,1624,3,2000,250,293
E,1625,3,2000,250,293
E,1626,3,2000,250,293
E,1627,3,2000,250,293
E,1628,3,2000,250,293
E,1629,3,2000,250,293
E,1630,3,2000,250,293
E,1631,3,2000,250,293
E,1632,3,2000,250,293
E,1633,3,2000,250,293
E,1634,3,2000,250,293
E,1635,3,2000,250,293
E,1636,3,2000,250,293
E,1637,3,2000,250,293
E,1638,3,2000,250,293
E,1639,3,2000,250,293
E,1640,3,2000,250,549
E,1641,3,2000,250,293
E,1642,3,2000,250,293
E,1643,3,2000,250,293
E,1644,3,2000,250,293
E,1645,3,2000,250,293
E,1646,3,2000,250,293
E,1647,3,2000,250,293
E,1648,3,2000,250,293
E,1649,3,2000,250,293
E,1650,3,2000,250,293
E,1651,3,2000,250,293
E,1652,3,2000,250,293
E,1653,3,2000,250,293
E,1654,3,2000,250,293
E,1655,3,2000,250,293
E,1656,3,2000,250,293
E,1657,3,2000,250,293
E,1658,3,2000,250,293
E,1659,3,2000,250,293
E,1660,3,2000,250,293
E,1661,3,2000,250,293
E,1662,3,2000,250,549
E,1663,3,2000,250,293
E,1664,3,2000,250,293
E,1665,3,2000,250,293
E,1666,3,2000,250,293
E,1667,3,2000,250,293
E,1668,3,2000,250,293
E,1669,3,2000,250,293
E,1670,3,2000,250,293
E,1671,3,2000,250,293
E,1672,3,2000,250,293
E,1673,3,2000,250,293
E,1674,3,2000,250,293
E,1675,3,2000,250,293
E,1676,3,2000,250,293
E,1677,3,2000,250,293
E,1678,3,2000,250,293
E,1679,3,2000,250,293
E,1680,3,2000,250,293
E,1681,3,2000,250,293
E,1682,3,2000,250,293
E,1683,3,2000,250,293
E,1684,3,2000,250,549
E,1685,3,2000,250,293
E,1686,3,2000,250,293
E,1687,3,2000,250,293
E,1688,3,2000,250,293
E,1689,3,2000,250,293
E,1690,3,2000,250,293
E,1691,3,2000,250,293
E,1692,3,2000,250,293
E,1693,3,2000,250,293
E,1694,3,2000,250,293
E,1695,3,2000,250,293
E,1696,3,2000,250,293
E,1697,3,2000,250,293
E,1698,3,2000,250,293
E,1699,3,2000,250,293
E,1700,3,2000,250,293
E,1701,3,2000,250,293
E,1702,3,2000,250,293
E,1703,3,2000,250,293
E,1704,3,2000,250,293
E,1705,3,2000,250,293
E,1706,3,2000,250,549
E,1707,3,2000,250,293
E,1708,3,2000,250,293
E,1709,3,2000,250,293
E,1710,3,2000,250,293
E,1711,3,2000,250,293
E,1712,3,2000,250,293
E,1713,3,2000,250,293
E,1714,3,2000,250,293
E,1715,3,2000,250,293
E,1716,3,2000,250,293
E,1717,3,2000,250,293
E,1718,3,2000,250,293
E,1719,3,2000,250,293
E,1720,3,2000,250,293
E,1721,3,2000,250,293
E,1722,3,2000,250,293
E,1723,3,2000,250,293
E,1724,3,2000,250,293
E,1725,3,2000,250,293
E,1726,3,2000,250,293
E,1727,3,2000,250,293
E,1728,3,2000,250,549
E,1729,3,2000,250,293
E,1730,3,2000,250,293
E,1731,3,2000,250,293
E,1732,3,2000,250,293
E,1733,3,2000,250,293
E,1734,3,2000,250,293
E,1735,3,2000,250,293
E,1736,3,2000,250,293
E,1737,3,2000,250,293
E,1738,3,2000,250,293
E,1739,3,2000,250,293
E,1740,3,2000,250,293
E,1741,3,2000,250,549
E,1742,3,2000,250,293
E,1743,3,2000,250,293
E,1744,3,2000,250,293
E,1745,3,2000,250,293
E,1746,3,2000,250,293
E,1747,3,2000,250,293
E,1748,3,2000,250,293
E,1749,3,2000,250,293
E,1750,3,2000,250,293
E,1751,3,2000,250,293
E,1752,3,2000,250,293
E,1753,3,2000,250,293
E,1754,3,2000,250,293
E,1755,3,2000,250,293
E,1756,3,2000,250,293
E,1757,3,2000,250,293
E,1758,3,2000,250,293
E,1759,3,2000,250,293
E,1760,3,2000,250,293
E,1761,3,2000,250,293
E,1762,3,2000,250,293
E,1763,3,2000,250,549
E,1764,3,2000,250,293
E,1765,3,2000,250,293
E,1766,3,2000,250,293
E,1767,3,2000,250,293
E,1768,3,2000,250,293
E,1788,3,2000,250,293
E,1810,3,2000,250,293
E,1832,3,2000,250,293
E,1854,3,2000,250,293
E,1877,3,2000,250,293
E,1899,3,2000,250,293
E,1921,3,2000,250,293
E,1943,3,2000,250,293
E,1965,3,2000,250,293
E,1987,3,2000,250,293
E,2009,3,2000,250,293
E,2032,3,2000,250,293
E,2054,3,2000,250,293
E,2076,3,2000,250,293
E,2098,3,2000,250,293
E,2120,3,2000,250,293
E,2142,3,2000,250,293
E,2164,3,2000,250,293
E,2186,3,2000,250,293
E,2209,3,2000,250,293
E,2231,3,2000,250,293
E,2253,3,2000,250,549
E,2275,3,2000,250,549
E,2297,3,2000,250,549
E,2319,3,2000,250,549
E,2341,3,2000,250,549
E,2363,3,2000,250,549
E,2386,3,2000,250,549
E,2408,3,2000,250,549
E,2430,3,2000,250,549
E,2452,3,2000,250,549
E,2474,3,2000,250,549
E,2496,3,2000,250,549
# step 4/13 rpm=2000 period_us=83 ints=1000 count=1244
D,step_4,419704758,90,159,254,136,71
H,step_4,181051,24397,0
E,2500,4,2500,250,1309
E,2501,4,2500,250,549
E,2502,4,2500,250,549
E,2503,4,2500,250,549
E,2504,4,2500,250,549
E,2505,4,2500,250,549
E,2506,4,2500,250,549
E,2507,4,2500,250,549
E,2508,4,2500,250,549
E,2509,4,2500,250,549
E,2510,4,2500,250,293
E,2511,4,2500,250,293
E,2512,4,2500,250,293
E,2513,4,2500,250,293
E,2514,4,2500,250,293
E,2515,4,2500,250,293
E,2516,4,2500,250,293
E,2517,4,2500,250,293
E,2518,4,2500,250,293
E,2519,4,2500,250,293
E,2520,4,2500,250,293
E,2521,4,2500,250,293
E,2522,4,2500,250,293
E,2523,4,2500,250,293
E,2524,4,2500,250,293
E,2525,4,2500,250,293
E,2526,4,2500,250,293
E,2527,4,2500,250,293
E,2528,4,2500,250,293
E,2529,4,2500,250,549
E,2530,4,2500,250,293
E,2531,4,2500,250,293
E,2532,4,2500,250,293
E,2533,4,2500,250,293
E,2534,4,2500,250,293
E,2535,4,2500,250,293
E,2536,4,2500,250,293
E,2537,4,2500,250,293
E,2538,4,2500,250,293
E,2539,4,2500,250,293
E,2540,4,2500,250,293
E,2541,4,2500,250,293
E,2542,4,2500,250,293
E,2543,4,2500,250,293
E,2544,4,2500,250,293
E,2545,4,2500,250,293
E,2546,4,2500,250,293
E,2547,4,2500,250,293
E,2548,4,2500,250,293
E,2549,4,2500,250,293
E,2550,4,2500,250,293
E,2551,4,2500,250,293
E,2552,4,2500,250,293
E,2553,4,2500,250,293
E,2554,4,2500,250,293
E,2555,4,2500,250,293
E,2556,4,2500,250,293
E,2557,4,2500,250,549
E,2558,4,2500,250,293
E,2559,4,2500,250,293
E,2560,4,2500,250,293
E,2561,4,2500,250,293
E,2562,4,2500,250,293
E,2563,4,2500,250,293
E,2564,4,2500,250,293
E,2565,4,2500,250,293
E,2566,4,2500,250,293
E,2567,4,2500,250,293
E,2568,4,2500,250,293
E,2569,4,2500,250,293
E,2570,4,2500,250,293
E,2571,4,2500,250,293
E,2572,4,2500,250,293
E,2573,4,2500,250,293
E,2574,4,2500,250,293
E,2575,4,2500,250,293
E,2576,4,2500,250,293
E,2577,4,2500,250,293
E,2578,4,2500,250,293
E,2579,4,2500,250,293
E,2580,4,2500,250,293
E,2581,4,2500,250,293
E,2582,4,2500,250,293
E,2583,4,2500,250,293
E,2584,4,2500,250,293
E,2585,4,2500,250,293
E,2586,4,2500,250,549
E,2587,4,2500,250,293
E,2588,4,2500,250,293
E,2589,4,2500,250,293
E,2590,4,2500,250,293
E,2591,4,2500,250,293
E,2592,4,2500,250,293
E,2593,4,2500,250,293
E,2594,4,2500,250,293
E,2595,4,2500,250,293
E,2596,4,2500,250,293
E,2597,4,2500,250,293
E,2598,4,2500,250,293
E,2599,4,2500,250,293
E,2600,4,2500,250,293
E,2601,4,2500,250,293
E,2602,4,2500,250,293
E,2603,4,2500,250,293
E,2604,4,2500,250,293
E,2605,4,2500,250,293
E,2606,4,2500,250,293
E,2607,4,2500,250,293
E,2608,4,2500,250,293
E,2609,4,2500,250,293
E,2610,4,2500,250,293
E,2611,4,2500,250,293
E,2612,4,2500,250,293
E,2613,4,2500,250,293
E,2614,4,2500,250,549
E,2615,4,2500,250,293
E,2616,4,2500,250,293
E,2617,4,2500,250,293
E,2618,4,2500,250,293
E,2619,4,2500,250,293
E,2620,4,2500,250,293
E,2621,4,2500,250,293
E,2622,4,2500,250,293
E,2623,4,2500,250,293
E,2624,4,2500,250,293
E,2625,4,2500,250,293
E,2626,4,2500,250,293
E,2627,4,2500,250,293
E,2628,4,2500,250,293
E,2629,4,2500,250,293
E,2630,4,2500,250,293
E,2631,4,2500,250,293
E,2632,4,2500,250,293
E,2633,4,2500,250,293
E,2634,4,2500,250,293
E,2635,4,2500,250,293
E,2636,4,2500,250,293
E,2637,4,2500,250,293
E,2638,4,2500,250,293
E,2639,4,2500,250,293
E,2640,4,2500,250,293
E,2641,4,2500,250,293
E,2642,4,2500,250,549
E,2643,4,2500,250,293
E,2644,4,2500,250,293
E,2645,4,2500,250,293
E,2646,4,2500,250,293
E,2647,4,2500,250,293
E,2648,4,2500,250,293
E,2649,4,2500,250,293
E,2650,4,2500,250,293
E,2651,4,2500,250,293
E,2652,4,2500,250,293
E,2653,4,2500,250,293
E,2654,4,2500,250,293
E,2655,4,2500,250,293
E,2656,4,2500,250,293
E,2657,4,2500,250,293
E,2658,4,2500,250,293
E,2659,4,2500,250,293
E,2660,4,2500,250,293
E,2661,4,2500,250,293
E,2662,4,2500,250,293
E,2663,4,2500,250,293
E,2664,4,2500,250,293
E,2665,4,2500,250,293
E,2666,4,2500,250,293
E,2667,4,2500,250,293
E,2668,4,2500,250,293
E,2669,4,2500,250,293
E,2670,4,2500,250,293
E,2671,4,2500,250,549
E,2672,4,2500,250,293
E,2673,4,2500,250,293
E,2674,4,2500,250,293
E,2675,4,2500,250,293
E,2676,4,2500,250,293
E,2677,4,2500,250,293
E,2678,4,2500,250,293
E,2679,4,2500,250,293
E,2680,4,2500,250,293
E,2681,4,2500,250,293
E,2682,4,2500,250,293
E,2683,4,2500,250,293
E,2684,4,2500,250,293
E,2685,4,2500,250,293
E,2686,4,2500,250,293
E,2687,4,2500,250,293
E,2688,4,2500,250,293
E,2689,4,2500,250,293
E,2690,4,2500,250,293
E,2691,4,2500,250,293
E,2692,4,2500,250,293
E,2693,4,2500,250,293
E,2694,4,2500,250,293
E,2695,4,2500,250,293
E,2696,4,2500,250,293
E,2697,4,2500,250,293
E,2698,4,2500,250,293
E,2699,4,2500,250,549
E,2700,4,2500,250,293
E,2701,4,2500,250,293
E,2702,4,2500,250,293
E,2703,4,2500,250,293
E,2704,4,2500,250,293
E,2705,4,2500,250,293
E,2706,4,2500,250,293
E,2707,4,2500,250,293
E,2708,4,2500,250,293
E,2709,4,2500,250,293
E,2710,4,2500,250,293
E,2711,4,2500,250,293
E,2712,4,2500,250,293
E,2713,4,2500,250,293
E,2714,4,2500,250,293
E,2715,4,2500,250,293
E,2716,4,2500,250,293
E,2717,4,2500,250,293
E,2718,4,2500,250,293
E,2719,4,2500,250,293
E,2720,4,2500,250,293
E,2721,4,2500,250,293
E,2722,4,2500,250,293
E,2723,4,2500,250,293
E,2724,4,2500,250,293
E,2725,4,2500,250,293
E,2726,4,2500,250,293
E,2727,4,2500,250,293
E,2728,4,2500,250,556
E,2729,4,2500,250,293
E,2730,4,2500,250,293
E,2731,4,2500,250,293
E,2732,4,2500,250,293
E,2733,4,2500,250,293
E,2734,4,2500,250,293
E,2735,4,2500,250,293
E,2736,4,2500,250,293
E,2737,4,2500,250,293
E,2738,4,2500,250,293
E,2739,4,2500,250,293
E,2740,4,2500,250,293
E,2741,4,2500,250,293
E,2742,4,2500,250,293
E,2743,4,2500,250,293
E,2744,4,2500,250,293
E,2745,4,2500,250,293
E,2746,4,2500,250,293
E,2747,4,2500,250,293
E,2748,4,2500,250,293
E,2749,4,2500,250,293
E,2750,4,2500,250,293
E,2751,4,2500,250,293
E,2752,4,2500,250,293
E,2753,4,2500,250,293
E,2754,4,2500,250,293
E,2755,4,2500,250,293
E,2756,4,2500,250,549
E,2757,4,2500,250,293
E,2758,4,2500,250,293
E,2759,4,2500,250,293
E,2760,4,2500,250,293
E,2761,4,2500,250,293
E,2762,4,2500,250,293
E,2763,4,2500,250,293
E,2764,4,2500,250,293
E,2765,4,2500,250,293
E,2785,4,2500,250,549
E,2813,4,2500,250,549
E,2842,4,2500,250,549
E,2870,4,2500,250,549
E,2899,4,2500,250,293
E,2927,4,2500,250,549
E,2956,4,2500,250,293
E,2984,4,2500,250,556
E,3012,4,2500,250,549
E,3041,4,2500,250,549
E,3069,4,2500,250,549
E,3098,4,2500,250,549
E,3126,4,2500,250,549
E,3155,4,2500,250,293
E,3183,4,2500,250,549
E,3211,4,2500,250,549
E,3240,4,2500,250,556
E,3268,4,2500,250,549
E,3297,4,2500,250,549
E,3325,4,2500,250,549
E,3354,4,2500,250,549
E,3382,4,2500,250,549
E,3410,4,2500,250,549
E,3439,4,2500,250,549
E,3467,4,2500,250,549
E,3496,4,2500,250,556
# step 5/13 rpm=2500 period_us=66 ints=1000 count=1536
D,step_5,520706537,175,46,59,230,172
H,step_5,181651,25654,0
E,3500,5,3000,250,1309
E,3501,5,3000,250,549
E,3502,5,3000,250,549
E,3503,5,3000,250,549
E,3504,5,3000,250,549
E,3505,5,3000,250,549
E,3506,5,3000,250,549
E,3507,5,3000,250,549
E,3508,5,3000,250,293
E,3509,5,3000,250,293
E,3510,5,3000,250,549
E,3511,5,3000,250,293
E,3512,5,3000,250,293
E,3513,5,3000,250,293
E,3514,5,3000,250,293
E,3515,5,3000,250,293
E,3516,5,3000,250,293
E,3517,5,3000,250,293
E,3518,5,3000,250,293
E,3519,5,3000,250,549
E,3520,5,3000,250,293
E,3521,5,3000,250,293
E,3522,5,3000,250,293
E,3523,5,3000,250,293
E,3524,5,3000,250,293
E,3525,5,3000,250,293
E,3526,5,3000,250,293
E,3527,5,3000,250,293
E,3528,5,3000,250,293
E,3529,5,3000,250,549
E,3530,5,3000,250,293
E,3531,5,3000,250,293
E,3532,5,3000,250,293
E,3533,5,3000,250,293
E,3534,5,3000,250,293
E,3535,5,3000,250,293
E,3536,5,3000,250,293
E,3537,5,3000,250,293
E,3538,5,3000,250,293
E,3539,5,3000,250,293
E,3540,5,3000,250,293
E,3541,5,3000,250,293
E,3542,5,3000,250,293
E,3543,5,3000,250,293
E,3544,5,3000,250,293
E,3545,5,3000,250,293
E,3546,5,3000,250,293
E,3547,5,3000,250,293
E,3548,5,3000,250,293
E,3549,5,3000,250,293
E,3550,5,3000,250,293
E,3551,5,3000,250,293
E,3552,5,3000,250,293
E,3553,5,3000,250,293
E,3554,5,3000,250,293
E,3555,5,3000,250,293
E,3556,5,3000,250,293
E,3557,5,3000,250,293
E,3558,5,3000,250,293
E,3559,5,3000,250,293
E,3560,5,3000,250,293
E,3561,5,3000,250,293
E,3562,5,3000,250,549
E,3563,5,3000,250,293
E,3564,5,3000,250,293
E,3565,5,3000,250,293
E,3566,5,3000,250,293
E,3567,5,3000,250,293
E,3568,5,3000,250,293
E,3569,5,3000,250,293
E,3570,5,3000,250,293
E,3571,5,3000,250,293
E,3572,5,3000,250,293
E,3573,5,3000,250,293
E,3574,5,3000,250,293
E,3575,5,3000,250,293
E,3576,5,3000,250,293
E,3577,5,3000,250,293
E,3578,5,3000,250,293
E,3579,5,3000,250,293
E,3580,5,3000,250,293
E,3581,5,3000,250,293
E,3582,5,3000,250,293
E,3583,5,3000,250,293
E,3584,5,3000,250,293
E,3585,5,3000,250,293
E,3586,5,3000,250,293
E,3587,5,3000,250,293
E,3588,5,3000,250,293
E,3589,5,3000,250,293
E,3590,5,3000,250,293
E,3591,5,3000,250,293
E,3592,5,3000,250,293
E,3593,5,3000,250,293
E,3594,5,3000,250,293
E,3595,5,3000,250,549
E,3596,5,3000,250,293
E,3597,5,3000,250,293
E,3598,5,3000,250,293
E,3599,5,3000,250,293
E,3600,5,3000,250,293
E,3601,5,3000,250,293
E,3602,5,3000,250,293
E,3603,5,3000,250,293
E,3604,5,3000,250,293
E,3605,5,3000,250,293
E,3606,5,3000,250,293
E,3607,5,3000,250,293
E,3608,5,3000,250,293
E,3609,5,3000,250,293
E,3610,5,3000,250,293
E,3611,5,3000,250,293
E,3612,5,3000,250,293
E,3613,5,3000,250,293
E,3614,5,3000,250,293
E,3615,5,3000,250,293
E,3616,5,3000,250,293
E,3617,5,3000,250,293
E,3618,5,3000,250,293
E,3619,5,3000,250,293
E,3620,5,3000,250,293
E,3621,5,3000,250,293
E,3622,5,3000,250,293
E,3623,5,3000,250,293
E,3624,5,3000,250,293
E,3625,5,3000,250,293
E,3626,5,3000,250,293
E,3627,5,3000,250,293
E,3628,5,3000,250,549
E,3629,5,3000,250,293
E,3630,5,3000,250,293
E,3631,5,3000,250,293
E,3632,5,3000,250,293
E,3633,5,3000,250,293
E,3634,5,3000,250,293
E,3635,5,3000,250,293
E,3636,5,3000,250,293
E,3637,5,3000,250,293
E,3638,5,3000,250,293
E,3639,5,3000,250,293
E,3640,5,3000,250,293
E,3641,5,3000,250,293
E,3642,5,3000,250,293
E,3643,5,3000,250,293
E,3644,5,3000,250,293
E,3645,5,3000,250,293
E,3646,5,3000,250,293
E,3647,5,3000,250,293
E,3648,5,3000,250,293
E,3649,5,3000,250,293
E,3650,5,3000,250,293
E,3651,5,3000,250,293
E,3652,5,3000,250,293
E,3653,5,3000,250,293
E,3654,5,3000,250,293
E,3655,5,3000,250,293
E,3656,5,3000,250,293
E,3657,5,3000,250,293
E,3658,5,3000,250,293
E,3659,5,3000,250,293
E,3660,5,3000,250,293
E,3661,5,3000,250,549
E,3662,5,3000,250,293
E,3663,5,3000,250,293
E,3664,5,3000,250,293
E,3665,5,3000,250,293
E,3666,5,3000,250,293
E,3667,5,3000,250,293
E,3668,5,3000,250,293
E,3669,5,3000,250,293
E,3670,5,3000,250,293
E,3671,5,3000,250,293
E,3672,5,3000,250,293
E,3673,5,3000,250,293
E,3674,5,3000,250,293
E,3675,5,3000,250,293
E,3676,5,3000,250,293
E,3677,5,3000,250,293
E,3678,5,3000,250,293
E,3679,5,3000,250,293
E,3680,5,3000,250,293
E,3681,5,3000,250,293
E,3682,5,3000,250,293
E,3683,5,3000,250,293
E,3684,5,3000,250,293
E,3685,5,3000,250,293
E,3686,5,3000,250,293
E,3687,5,3000,250,293
E,3688,5,3000,250,293
E,3689,5,3000,250,293
E,3690,5,3000,250,293
E,3691,5,3000,250,293
E,3692,5,3000,250,293
E,3693,5,3000,250,293
E,3694,5,3000,250,549
E,3695,5,3000,250,293
E,3696,5,3000,250,293
E,3697,5,3000,250,293
E,3698,5,3000,250,293
E,3699,5,3000,250,293
E,3700,5,3000,250,293
E,3701,5,3000,250,293
E,3702,5,3000,250,293
E,3703,5,3000,250,293
E,3704,5,3000,250,293
E,3705,5,3000,250,293
E,3706,5,3000,250,293
E,3707,5,3000,250,293
E,3708,5,3000,250,293
E,3709,5,3000,250,293
E,3710,5,3000,250,293
E,3711,5,3000,250,293
E,3712,5,3000,250,293
E,3713,5,3000,250,293
E,3714,5,3000,250,293
E,3715,5,3000,250,293
E,3716,5,3000,250,293
E,3717,5,3000,250,293
E,3718,5,3000,250,293
E,3719,5,3000,250,293
E,3720,5,3000,250,293
E,3721,5,3000,250,293
E,3722,5,3000,250,293
E,3723,5,3000,250,293
E,3724,5,3000,250,293
E,3725,5,3000,250,293
E,3726,5,3000,250,293
E,3727,5,3000,250,549
E,3728,5,3000,250,293
E,3729,5,3000,250,293
E,3730,5,3000,250,293
E,3731,5,3000,250,293
E,3732,5,3000,250,293
E,3733,5,3000,250,293
E,3734,5,3000,250,293
E,3735,5,3000,250,293
E,3736,5,3000,250,293
E,3737,5,3000,250,293
E,3738,5,3000,250,293
E,3739,5,3000,250,293
E,3740,5,3000,250,293
E,3741,5,3000,250,293
E,3742,5,3000,250,293
E,3743,5,3000,250,293
E,3744,5,3000,250,293
E,3745,5,3000,250,293
E,3746,5,3000,250,293
E,3747,5,3000,250,293
E,3748,5,3000,250,293
E,3749,5,3000,250,293
E,3750,5,3000,250,293
E,3751,5,3000,250,549
E,3752,5,3000,250,293
E,3753,5,3000,250,293
E,3754,5,3000,250,293
E,3755,5,3000,250,293
E,3756,5,3000,250,293
E,3757,5,3000,250,293
E,3758,5,3000,250,293
E,3759,5,3000,250,293
E,3760,5,3000,250,293
E,3761,5,3000,250,293
E,3762,5,3000,250,293
E,3763,5,3000,250,293
E,3766,5,3000,250,293
E,3799,5,3000,250,293
E,3832,5,3000,250,293
E,3866,5,3000,250,293
E,3899,5,3000,250,293
E,3932,5,3000,250,293
E,3965,5,3000,250,293
E,3998,5,3000,250,293
E,4031,5,3000,250,293
E,4064,5,3000,250,293
E,4098,5,3000,250,293
E,4131,5,3000,250,293
E,4164,5,3000,250,293
E,4197,5,3000,250,293
E,4230,5,3000,250,293
E,4263,5,3000,250,549
E,4297,5,3000,250,549
E,4330,5,3000,250,549
E,4363,5,3000,250,549
E,4396,5,3000,250,549
E,4429,5,3000,250,549
E,4462,5,3000,250,549
E,4495,5,3000,250,549
# step 6/13 rpm=3000 period_us=55 ints=1000 count=1823
D,step_6,619994716,128,185,168,187,54
H,step_6,180450,24761,0
E,4500,6,4000,250,1309
E,4501,6,4000,250,549
E,4502,6,4000,250,549
E,4503,6,4000,250,549
E,4504,6,4000,250,549
E,4505,6,4000,250,549
E,4506,6,4000,250,549
E,4507,6,4000,250,293
E,4508,6,4000,250,293
E,4509,6,4000,250,293
E,4510,6,4000,250,293
E,4511,6,4000,250,293
E,4512,6,4000,250,293
E,4513,6,4000,250,293
E,4514,6,4000,250,293
E,4515,6,4000,250,293
E,4516,6,4000,250,293
E,4517,6,4000,250,293
E,4518,6,4000,250,293
E,4519,6,4000,250,293
E,4520,6,4000,250,293
E,4521,6,4000,250,293
E,4522,6,4000,250,293
E,4523,6,4000,250,293
E,4524,6,4000,250,293
E,4525,6,4000,250,293
E,4526,6,4000,250,293
E,4527,6,4000,250,293
E,4528,6,4000,250,549
E,4529,6,4000,250,293
E,4530,6,4000,250,293
E,4531,6,4000,250,293
E,4532,6,4000,250,293
E,4533,6,4000,250,293
E,4534,6,4000,250,293
E,4535,6,4000,250,293
E,4536,6,4000,250,293
E,4537,6,4000,250,293
E,4538,6,4000,250,296
E,4539,6,4000,250,293
E,4540,6,4000,250,293
E,4541,6,4000,250,293
E,4542,6,4000,250,293
E,4543,6,4000,250,293
E,4544,6,4000,250,293
E,4545,6,4000,250,293
E,4546,6,4000,250,293
E,4547,6,4000,250,293
E,4548,6,4000,250,293
E,4549,6,4000,250,293
E,4550,6,4000,250,293
E,4551,6,4000,250,293
E,4552,6,4000,250,293
E,4553,6,4000,250,293
E,4554,6,4000,250,293
E,4555,6,4000,250,293
E,4556,6,4000,250,293
E,4557,6,4000,250,293
E,4558,6,4000,250,293
E,4559,6,4000,250,293
E,4560,6,4000,250,293
E,4561,6,4000,250,293
E,4562,6,4000,250,293
E,4563,6,4000,250,293
E,4564,6,4000,250,293
E,4565,6,4000,250,293
E,4566,6,4000,250,293
E,4567,6,4000,250,293
E,4568,6,4000,250,549
E,4569,6,4000,250,293
E,4570,6,4000,250,293
E,4571,6,4000,250,293
E,4572,6,4000,250,293
E,4573,6,4000,250,293
E,4574,6,4000,250,293
E,4575,6,4000,250,293
E,4576,6,4000,250,293
E,4577,6,4000,250,293
E,4578,6,4000,250,293
E,4579,6,4000,250,293
E,4580,6,4000,250,293
E,4581,6,4000,250,293
E,4582,6,4000,250,293
E,4583,6,4000,250,293
E,4584,6,4000,250,293
E,4585,6,4000,250,293
E,4586,6,4000,250,293
E,4587,6,4000,250,293
E,4588,6,4000,250,293
E,4589,6,4000,250,293
E,4590,6,4000,250,293
E,4591,6,4000,250,293
E,4592,6,4000,250,293
E,4593,6,4000,250,293
E,4594,6,4000,250,293
E,4595,6,4000,250,293
E,4596,6,4000,250,293
E,4597,6,4000,250,293
E,4598,6,4000,250,293
E,4599,6,4000,250,293
E,4600,6,4000,250,293
E,4601,6,4000,250,293
E,4602,6,4000,250,293
E,4603,6,4000,250,293
E,4604,6,4000,250,293
E,4605,6,4000,250,293
E,4606,6,4000,250,293
E,4607,6,4000,250,293
E,4608,6,4000,250,549
E,4609,6,4000,250,293
E,4610,6,4000,250,293
E,4611,6,4000,250,293
E,4612,6,4000,250,293
E,4613,6,4000,250,293
E,4614,6,4000,250,293
E,4615,6,4000,250,293
E,4616,6,4000,250,293
E,4617,6,4000,250,293
E,4618,6,4000,250,293
E,4619,6,4000,250,293
E,4620,6,4000,250,293
E,4621,6,4000,250,293
E,4622,6,4000,250,293
E,4623,6,4000,250,293
E,4624,6,4000,250,293
E,4625,6,4000,250,293
E,4626,6,4000,250,293
E,4627,6,4000,250,293
E,4628,6,4000,250,293
E,4629,6,4000,250,293
E,4630,6,4000,250,293
E,4631,6,4000,250,293
E,4632,6,4000,250,293
E,4633,6,4000,250,293
E,4634,6,4000,250,293
E,4635,6,4000,250,293
E,4636,6,4000,250,293
E,4637,6,4000,250,293
E,4638,6,4000,250,293
E,4639,6,4000,250,296
E,4640,6,4000,250,293
E,4641,6,4000,250,293
E,4642,6,4000,250,293
E,4643,6,4000,250,293
E,4644,6,4000,250,293
E,4645,6,4000,250,293
E,4646,6,4000,250,293
E,4647,6,4000,250,293
E,4648,6,4000,250,549
E,4649,6,4000,250,293
E,4650,6,4000,250,293
E,4651,6,4000,250,293
E,4652,6,4000,250,293
E,4653,6,4000,250,293
E,4654,6,4000,250,293
E,4655,6,4000,250,293
E,4656,6,4000,250,293
E,4657,6,4000,250,293
E,4658,6,4000,250,293
E,4659,6,4000,250,293
E,4660,6,4000,250,293
E,4661,6,4000,250,293
E,4662,6,4000,250,293
E,4663,6,4000,250,293
E,4664,6,4000,250,293
E,4665,6,4000,250,293
E,4666,6,4000,250,293
E,4667,6,4000,250,293
E,4668,6,4000,250,293
E,4669,6,4000,250,293
E,4670,6,4000,250,293
E,4671,6,4000,250,293
E,4672,6,4000,250,293
E,4673,6,4000,250,293
E,4674,6,4000,250,293
E,4675,6,4000,250,293
E,4676,6,4000,250,293
E,4677,6,4000,250,293
E,4678,6,4000,250,293
E,4679,6,4000,250,293
E,4680,6,4000,250,293
E,4681,6,4000,250,293
E,4682,6,4000,250,293
E,4683,6,4000,250,293
E,4684,6,4000,250,293
E,4685,6,4000,250,293
E,4686,6,4000,250,293
E,4687,6,4000,250,549
E,4688,6,4000,250,293
E,4689,6,4000,250,293
E,4690,6,4000,250,293
E,4691,6,4000,250,293
E,4692,6,4000,250,293
E,4693,6,4000,250,293
E,4694,6,4000,250,293
E,4695,6,4000,250,293
E,4696,6,4000,250,293
E,4697,6,4000,250,293
E,4698,6,4000,250,293
E,4699,6,4000,250,293
E,4700,6,4000,250,293
E,4701,6,4000,250,293
E,4702,6,4000,250,293
E,4703,6,4000,250,293
E,4704,6,4000,250,293
E,4705,6,4000,250,293
E,4706,6,4000,250,293
E,4707,6,4000,250,293
E,4708,6,4000,250,293
E,4709,6,4000,250,293
E,4710,6,4000,250,293
E,4711,6,4000,250,293
E,4712,6,4000,250,293
E,4713,6,4000,250,293
E,4714,6,4000,250,293
E,4715,6,4000,250,293
E,4716,6,4000,250,293
E,4717,6,4000,250,293
E,4718,6,4000,250,293
E,4719,6,4000,250,293
E,4720,6,4000,250,293
E,4721,6,4000,250,293
E,4722,6,4000,250,293
E,4723,6,4000,250,293
E,4724,6,4000,250,293
E,4725,6,4000,250,293
E,4726,6,4000,250,293
E,4727,6,4000,250,549
E,4728,6,4000,250,293
E,4729,6,4000,250,293
E,4730,6,4000,250,293
E,4731,6,4000,250,293
E,4732,6,4000,250,293
E,4733,6,4000,250,293
E,4734,6,4000,250,293
E,4735,6,4000,250,293
E,4736,6,4000,250,293
E,4737,6,4000,250,293
E,4738,6,4000,250,293
E,4739,6,4000,250,293
E,4740,6,4000,250,293
E,4741,6,4000,250,293
E,4742,6,4000,250,293
E,4743,6,4000,250,293
E,4744,6,4000,250,293
E,4745,6,4000,250,549
E,4746,6,4000,250,293
E,4747,6,4000,250,293
E,4748,6,4000,250,293
E,4749,6,4000,250,293
E,4750,6,4000,250,293
E,4751,6,4000,250,293
E,4752,6,4000,250,293
E,4753,6,4000,250,293
E,4754,6,4000,250,293
E,4755,6,4000,250,293
E,4756,6,4000,250,293
E,4757,6,4000,250,293
E,4758,6,4000,250,293
E,4759,6,4000,250,293
E,4760,6,4000,250,293
E,4761,6,4000,250,293
E,4762,6,4000,250,293
E,4779,6,4000,250,293
E,4819,6,4000,250,293
E,4859,6,4000,250,293
E,4899,6,4000,250,293
E,4939,6,4000,250,293
E,4978,6,4000,250,293
E,5018,6,4000,250,293
E,5058,6,4000,250,293
E,5098,6,4000,250,293
E,5137,6,4000,250,293
E,5177,6,4000,250,293
E,5217,6,4000,250,293
E,5257,6,4000,250,549
E,5296,6,4000,250,549
E,5336,6,4000,250,549
E,5376,6,4000,250,549
E,5416,6,4000,250,549
E,5455,6,4000,250,549
E,5495,6,4000,250,549
# step 7/13 rpm=4000 period_us=41 ints=1000 count=2105
D,step_7,717590158,101,120,70,193,73
H,step_7,188558,26194,0
E,5500,7,5000,250,1309
E,5501,7,5000,250,549
E,5502,7,5000,250,549
E,5503,7,5000,250,549
E,5504,7,5000,250,549
E,5505,7,5000,250,549
E,5506,7,5000,250,293
E,5507,7,5000,250,293
E,5508,7,5000,250,293
E,5509,7,5000,250,293
E,5510,7,5000,250,293
E,5511,7,5000,250,293
E,5512,7,5000,250,293
E,5513,7,5000,250,293
E,5514,7,5000,250,293
E,5515,7,5000,250,293
E,5516,7,5000,250,293
E,5517,7,5000,250,293
E,5518,7,5000,250,293
E,5519,7,5000,250,293
E,5520,7,5000,250,293
E,5521,7,5000,250,293
E,5522,7,5000,250,293
E,5523,7,5000,250,293
E,5524,7,5000,250,293
E,5525,7,5000,250,293
E,5526,7,5000,250,293
E,5527,7,5000,250,293
E,5528,7,5000,250,549
E,5529,7,5000,250,293
E,5530,7,5000,250,293
E,5531,7,5000,250,293
E,5532,7,5000,250,293
E,5533,7,5000,250,293
E,5534,7,5000,250,293
E,5535,7,5000,250,293
E,5536,7,5000,250,293
E,5537,7,5000,250,293
E,5538,7,5000,250,293
E,5539,7,5000,250,293
E,5540,7,5000,250,293
E,5541,7,5000,250,293
E,5542,7,5000,250,293
E,5543,7,5000,250,293
E,5544,7,5000,250,293
E,5545,7,5000,250,293
E,5546,7,5000,250,293
E,5547,7,5000,250,293
E,5548,7,5000,250,293
E,5549,7,5000,250,293
E,5550,7,5000,250,293
E,5551,7,5000,250,293
E,5552,7,5000,250,293
E,5553,7,5000,250,293
E,5554,7,5000,250,293
E,5555,7,5000,250,293
E,5556,7,5000,250,293
E,5557,7,5000,250,293
E,5558,7,5000,250,293
E,5559,7,5000,250,293
E,5560,7,5000,250,293
E,5561,7,5000,250,293
E,5562,7,5000,250,293
E,5563,7,5000,250,293
E,5564,7,5000,250,293
E,5565,7,5000,250,293
E,5566,7,5000,250,293
E,5567,7,5000,250,293
E,5568,7,5000,250,293
E,5569,7,5000,250,293
E,5570,7,5000,250,293
E,5571,7,5000,250,293
E,5572,7,5000,250,293
E,5573,7,5000,250,293
E,5574,7,5000,250,293
E,5575,7,5000,250,293
E,5576,7,5000,250,293
E,5577,7,5000,250,549
E,5578,7,5000,250,293
E,5579,7,5000,250,293
E,5580,7,5000,250,293
E,5581,7,5000,250,293
E,5582,7,5000,250,293
E,5583,7,5000,250,293
E,5584,7,5000,250,293
E,5585,7,5000,250,293
E,5586,7,5000,250,293
E,5587,7,5000,250,293
E,5588,7,5000,250,293
E,5589,7,5000,250,293
E,5590,7,5000,250,293
E,5591,7,5000,250,293
E,5592,7,5000,250,293
E,5593,7,5000,250,293
E,5594,7,5000,250,293
E,5595,7,5000,250,293
E,5596,7,5000,250,293
E,5597,7,5000,250,293
E,5598,7,5000,250,293
E,5599,7,5000,250,293
E,5600,7,5000,250,293
E,5601,7,5000,250,293
E,5602,7,5000,250,293
E,5603,7,5000,250,293
E,5604,7,5000,250,293
E,5605,7,5000,250,293
E,5606,7,5000,250,293
E,5607,7,5000,250,293
E,5608,7,5000,250,293
E,5609,7,5000,250,293
E,5610,7,5000,250,293
E,5611,7,5000,250,293
E,5612,7,5000,250,293
E,5613,7,5000,250,293
E,5614,7,5000,250,293
E,5615,7,5000,250,293
E,5616,7,5000,250,293
E,5617,7,5000,250,293
E,5618,7,5000,250,293
E,5619,7,5000,250,293
E,5620,7,5000,250,293
E,5621,7,5000,250,293
E,5622,7,5000,250,293
E,5623,7,5000,250,293
E,5624,7,5000,250,293
E,5625,7,5000,250,293
E,5626,7,5000,250,293
E,5627,7,5000,250,549
E,5628,7,5000,250,293
E,5629,7,5000,250,293
E,5630,7,5000,250,293
E,5631,7,5000,250,293
E,5632,7,5000,250,293
E,5633,7,5000,250,293
E,5634,7,5000,250,293
E,5635,7,5000,250,293
E,5636,7,5000,250,293
E,5637,7,5000,250,293
E,5638,7,5000,250,293
E,5639,7,5000,250,293
E,5640,7,5000,250,293
E,5641,7,5000,250,293
E,5642,7,5000,250,293
E,5643,7,5000,250,293
E,5644,7,5000,250,293
E,5645,7,5000,250,293
E,5646,7,5000,250,293
E,5647,7,5000,250,293
E,5648,7,5000,250,293
E,5649,7,5000,250,293
E,5650,7,5000,250,293
E,5651,7,5000,250,293
E,5652,7,5000,250,293
E,5653,7,5000,250,293
E,5654,7,5000,250,293
E,5655,7,5000,250,293
E,5656,7,5000,250,293
E,5657,7,5000,250,293
E,5658,7,5000,250,293
E,5659,7,5000,250,293
E,5660,7,5000,250,293
E,5661,7,5000,250,293
E,5662,7,5000,250,293
E,5663,7,5000,250,293
E,5664,7,5000,250,293
E,5665,7,5000,250,293
E,5666,7,5000,250,293
E,5667,7,5000,250,293
E,5668,7,5000,250,293
E,5669,7,5000,250,293
E,5670,7,5000,250,293
E,5671,7,5000,250,293
E,5672,7,5000,250,293
E,5673,7,5000,250,293
E,5674,7,5000,250,293
E,5675,7,5000,250,293
E,5676,7,5000,250,293
E,5677,7,5000,250,549
E,5678,7,5000,250,293
E,5679,7,5000,250,293
E,5680,7,5000,250,293
E,5681,7,5000,250,293
E,5682,7,5000,250,293
E,5683,7,5000,250,293
E,5684,7,5000,250,293
E,5685,7,5000,250,293
E,5686,7,5000,250,293
E,5687,7,5000,250,293
E,5688,7,5000,250,293
E,5689,7,5000,250,293
E,5690,7,5000,250,293
E,5691,7,5000,250,293
E,5692,7,5000,250,293
E,5693,7,5000,250,293
E,5694,7,5000,250,293
E,5695,7,5000,250,293
E,5696,7,5000,250,293
E,5697,7,5000,250,293
E,5698,7,5000,250,293
E,5699,7,5000,250,293
E,5700,7,5000,250,293
E,5701,7,5000,250,293
E,5702,7,5000,250,293
E,5703,7,5000,250,293
E,5704,7,5000,250,293
E,5705,7,5000,250,293
E,5706,7,5000,250,293
E,5707,7,5000,250,293
E,5708,7,5000,250,293
E,5709,7,5000,250,293
E,5710,7,5000,250,293
E,5711,7,5000,250,293
E,5712,7,5000,250,293
E,5713,7,5000,250,293
E,5714,7,5000,250,293
E,5715,7,5000,250,293
E,5716,7,5000,250,293
E,5717,7,5000,250,293
E,5718,7,5000,250,293
E,5719,7,5000,250,293
E,5720,7,5000,250,293
E,5721,7,5000,250,293
E,5722,7,5000,250,293
E,5723,7,5000,250,293
E,5724,7,5000,250,293
E,5725,7,5000,250,293
E,5726,7,5000,250,549
E,5727,7,5000,250,293
E,5728,7,5000,250,293
E,5729,7,5000,250,293
E,5730,7,5000,250,293
E,5731,7,5000,250,293
E,5732,7,5000,250,293
E,5733,7,5000,250,293
E,5734,7,5000,250,549
E,5735,7,5000,250,293
E,5736,7,5000,250,293
E,5737,7,5000,250,293
E,5738,7,5000,250,293
E,5739,7,5000,250,293
E,5740,7,5000,250,293
E,5741,7,5000,250,293
E,5742,7,5000,250,293
E,5743,7,5000,250,293
E,5744,7,5000,250,293
E,5745,7,5000,250,293
E,5746,7,5000,250,293
E,5747,7,5000,250,293
E,5748,7,5000,250,293
E,5749,7,5000,250,293
E,5750,7,5000,250,293
E,5751,7,5000,250,293
E,5752,7,5000,250,293
E,5753,7,5000,250,293
E,5754,7,5000,250,293
E,5755,7,5000,250,293
E,5756,7,5000,250,293
E,5757,7,5000,250,293
E,5758,7,5000,250,293
E,5759,7,5000,250,293
E,5760,7,5000,250,293
E,5761,7,5000,250,293
E,5799,7,5000,250,293
E,5849,7,5000,250,293
E,5899,7,5000,250,293
E,5948,7,5000,250,293
E,5998,7,5000,250,293
E,6048,7,5000,250,293
E,6097,7,5000,250,293
E,6147,7,5000,250,293
E,6196,7,5000,250,293
E,6246,7,5000,250,549
E,6296,7,5000,250,549
E,6345,7,5000,250,549
E,6395,7,5000,250,549
E,6445,7,5000,250,549
E,6494,7,5000,250,549
# step 8/13 rpm=5000 period_us=33 ints=1000 count=2382
D,step_8,813451137,125,147,27,235,29
H,step_8,186456,25921,0
E,6500,8,6000,250,1309
E,6501,8,6000,250,549
E,6502,8,6000,250,549
E,6503,8,6000,250,549
E,6504,8,6000,250,293
E,6505,8,6000,250,293
E,6506,8,6000,250,293
E,6507,8,6000,250,293
E,6508,8,6000,250,293
E,6509,8,6000,250,293
E,6510,8,6000,250,549
E,6511,8,6000,250,293
E,6512,8,6000,250,293
E,6513,8,6000,250,293
E,6514,8,6000,250,293
E,6515,8,6000,250,293
E,6516,8,6000,250,293
E,6517,8,6000,250,293
E,6518,8,6000,250,293
E,6519,8,6000,250,293
E,6520,8,6000,250,293
E,6521,8,6000,250,293
E,6522,8,6000,250,293
E,6523,8,6000,250,293
E,6524,8,6000,250,293
E,6525,8,6000,250,293
E,6526,8,6000,250,293
E,6527,8,6000,250,293
E,6528,8,6000,250,293
E,6529,8,6000,250,293
E,6530,8,6000,250,293
E,6531,8,6000,250,293
E,6532,8,6000,250,293
E,6533,8,6000,250,293
E,6534,8,6000,250,293
E,6535,8,6000,250,293
E,6536,8,6000,250,293
E,6537,8,6000,250,293
E,6538,8,6000,250,293
E,6539,8,6000,250,293
E,6540,8,6000,250,293
E,6541,8,6000,250,293
E,6542,8,6000,250,293
E,6543,8,6000,250,293
E,6544,8,6000,250,293
E,6545,8,6000,250,293
E,6546,8,6000,250,293
E,6547,8,6000,250,293
E,6548,8,6000,250,293
E,6549,8,6000,250,293
E,6550,8,6000,250,293
E,6551,8,6000,250,293
E,6552,8,6000,250,293
E,6553,8,6000,250,293
E,6554,8,6000,250,293
E,6555,8,6000,250,293
E,6556,8,6000,250,293
E,6557,8,6000,250,293
E,6558,8,6000,250,293
E,6559,8,6000,250,293
E,6560,8,6000,250,293
E,6561,8,6000,250,293
E,6562,8,6000,250,293
E,6563,8,6000,250,293
E,6564,8,6000,250,293
E,6565,8,6000,250,293
E,6566,8,6000,250,293
E,6567,8,6000,250,293
E,6568,8,6000,250,293
E,6569,8,6000,250,293
E,6570,8,6000,250,293
E,6571,8,6000,250,293
E,6572,8,6000,250,293
E,6573,8,6000,250,293
E,6574,8,6000,250,293
E,6575,8,6000,250,293
E,6576,8,6000,250,549
E,6577,8,6000,250,293
E,6578,8,6000,250,293
E,6579,8,6000,250,293
E,6580,8,6000,250,293
E,6581,8,6000,250,293
E,6582,8,6000,250,293
E,6583,8,6000,250,293
E,6584,8,6000,250,293
E,6585,8,6000,250,293
E,6586,8,6000,250,293
E,6587,8,6000,250,293
E,6588,8,6000,250,293
E,6589,8,6000,250,293
E,6590,8,6000,250,293
E,6591,8,6000,250,293
E,6592,8,6000,250,293
E,6593,8,6000,250,293
E,6594,8,6000,250,293
E,6595,8,6000,250,293
E,6596,8,6000,250,293
E,6597,8,6000,250,293
E,6598,8,6000,250,293
E,6599,8,6000,250,293
E,6600,8,6000,250,293
E,6601,8,6000,250,293
E,6602,8,6000,250,293
E,6603,8,6000,250,293
E,6604,8,6000,250,293
E,6605,8,6000,250,293
E,6606,8,6000,250,293
E,6607,8,6000,250,293
E,6608,8,6000,250,293
E,6609,8,6000,250,293
E,6610,8,6000,250,293
E,6611,8,6000,250,293
E,6612,8,6000,250,293
E,6613,8,6000,250,293
E,6614,8,6000,250,293
E,6615,8,6000,250,293
E,6616,8,6000,250,293
E,6617,8,6000,250,293
E,6618,8,6000,250,293
E,6619,8,6000,250,293
E,6620,8,6000,250,293
E,6621,8,6000,250,293
E,6622,8,6000,250,293
E,6623,8,6000,250,293
E,6624,8,6000,250,293
E,6625,8,6000,250,293
E,6626,8,6000,250,293
E,6627,8,6000,250,293
E,6628,8,6000,250,293
E,6629,8,6000,250,293
E,6630,8,6000,250,293
E,6631,8,6000,250,293
E,6632,8,6000,250,293
E,6633,8,6000,250,293
E,6634,8,6000,250,293
E,6635,8,6000,250,293
E,6636,8,6000,250,293
E,6637,8,6000,250,293
E,6638,8,6000,250,293
E,6639,8,6000,250,293
E,6640,8,6000,250,293
E,6641,8,6000,250,293
E,6642,8,6000,250,293
E,6643,8,6000,250,549
E,6644,8,6000,250,293
E,6645,8,6000,250,293
E,6646,8,6000,250,293
E,6647,8,6000,250,293
E,6648,8,6000,250,293
E,6649,8,6000,250,293
E,6650,8,6000,250,293
E,6651,8,6000,250,293
E,6652,8,6000,250,293
E,6653,8,6000,250,293
E,6654,8,6000,250,293
E,6655,8,6000,250,293
E,6656,8,6000,250,293
E,6657,8,6000,250,293
E,6658,8,6000,250,293
E,6659,8,6000,250,293
E,6660,8,6000,250,293
E,6661,8,6000,250,293
E,6662,8,6000,250,293
E,6663,8,6000,250,293
E,6664,8,6000,250,293
E,6665,8,6000,250,293
E,6666,8,6000,250,293
E,6667,8,6000,250,293
E,6668,8,6000,250,293
E,6669,8,6000,250,293
E,6670,8,6000,250,293
E,6671,8,6000,250,293
E,6672,8,6000,250,293
E,6673,8,6000,250,293
E,6674,8,6000,250,293
E,6675,8,6000,250,293
E,6676,8,6000,250,293
E,6677,8,6000,250,293
E,6678,8,6000,250,293
E,6679,8,6000,250,293
E,6680,8,6000,250,293
E,6681,8,6000,250,293
E,6682,8,6000,250,293
E,6683,8,6000,250,293
E,6684,8,6000,250,293
E,6685,8,6000,250,293
E,6686,8,6000,250,293
E,6687,8,6000,250,293
E,6688,8,6000,250,293
E,6689,8,6000,250,293
E,6690,8,6000,250,293
E,6691,8,6000,250,293
E,6692,8,6000,250,293
E,6693,8,6000,250,293
E,6694,8,6000,250,293
E,6695,8,6000,250,293
E,6696,8,6000,250,293
E,6697,8,6000,250,293
E,6698,8,6000,250,293
E,6699,8,6000,250,293
E,6700,8,6000,250,293
E,6701,8,6000,250,293
E,6702,8,6000,250,293
E,6703,8,6000,250,293
E,6704,8,6000,250,293
E,6705,8,6000,250,293
E,6706,8,6000,250,293
E,6707,8,6000,250,293
E,6708,8,6000,250,293
E,6709,8,6000,250,549
E,6710,8,6000,250,293
E,6711,8,6000,250,293
E,6712,8,6000,250,293
E,6713,8,6000,250,293
E,6714,8,6000,250,293
E,6715,8,6000,250,293
E,6716,8,6000,250,293
E,6717,8,6000,250,293
E,6718,8,6000,250,293
E,6719,8,6000,250,293
E,6720,8,6000,250,293
E,6721,8,6000,250,293
E,6722,8,6000,250,293
E,6723,8,6000,250,293
E,6724,8,6000,250,293
E,6725,8,6000,250,293
E,6726,8,6000,250,293
E,6727,8,6000,250,293
E,6728,8,6000,250,293
E,6729,8,6000,250,293
E,6730,8,6000,250,293
E,6731,8,6000,250,293
E,6732,8,6000,250,293
E,6733,8,6000,250,293
E,6734,8,6000,250,293
E,6735,8,6000,250,293
E,6736,8,6000,250,293
E,6737,8,6000,250,293
E,6738,8,6000,250,293
E,6739,8,6000,250,293
E,6740,8,6000,250,293
E,6741,8,6000,250,293
E,6742,8,6000,250,293
E,6743,8,6000,250,293
E,6744,8,6000,250,549
E,6745,8,6000,250,549
E,6746,8,6000,250,549
E,6747,8,6000,250,549
E,6748,8,6000,250,549
E,6749,8,6000,250,549
E,6750,8,6000,250,549
E,6751,8,6000,250,549
E,6752,8,6000,250,549
E,6753,8,6000,250,549
E,6754,8,6000,250,549
E,6755,8,6000,250,549
E,6756,8,6000,250,549
E,6757,8,6000,250,549
E,6758,8,6000,250,549
E,6759,8,6000,250,549
E,6766,8,6000,250,549
E,6832,8,6000,250,549
E,6899,8,6000,250,549
E,6965,8,6000,250,549
# step 9/13 rpm=6000 period_us=27 ints=500 count=2646
D,step_9,904991388,204,195,214,50,199
H,step_9,178648,25921,0
E,7000,9,7000,250,1309
E,7001,9,7000,250,549
E,7002,9,7000,250,549
E,7003,9,7000,250,549
E,7004,9,7000,250,293
E,7005,9,7000,250,293
E,7006,9,7000,250,293
E,7007,9,7000,250,293
E,7008,9,7000,250,293
E,7009,9,7000,250,293
E,7010,9,7000,250,549
E,7011,9,7000,250,293
E,7012,9,7000,250,293
E,7013,9,7000,250,293
E,7014,9,7000,250,293
E,7015,9,7000,250,293
E,7016,9,7000,250,293
E,7017,9,7000,250,293
E,7018,9,7000,250,293
E,7019,9,7000,250,293
E,7020,9,7000,250,293
E,7021,9,7000,250,293
E,7022,9,7000,250,293
E,7023,9,7000,250,293
E,7024,9,7000,250,293
E,7025,9,7000,250,293
E,7026,9,7000,250,293
E,7027,9,7000,250,293
E,7028,9,7000,250,293
E,7029,9,7000,250,293
E,7030,9,7000,250,293
E,7031,9,7000,250,293
E,7032,9,7000,250,293
E,7033,9,7000,250,293
E,7034,9,7000,250,293
E,7035,9,7000,250,293
E,7036,9,7000,250,293
E,7037,9,7000,250,293
E,7038,9,7000,250,293
E,7039,9,7000,250,293
E,7040,9,7000,250,293
E,7041,9,7000,250,293
E,7042,9,7000,250,293
E,7043,9,7000,250,293
E,7044,9,7000,250,549
E,7045,9,7000,250,549
E,7046,9,7000,250,549
E,7047,9,7000,250,549
E,7048,9,7000,250,549
E,7049,9,7000,250,549
E,7050,9,7000,250,549
E,7051,9,7000,250,549
E,7052,9,7000,250,549
E,7053,9,7000,250,549
E,7054,9,7000,250,549
E,7055,9,7000,250,549
E,7056,9,7000,250,549
E,7057,9,7000,250,549
E,7058,9,7000,250,549
E,7059,9,7000,250,549
E,7060,9,7000,250,549
E,7061,9,7000,250,549
E,7062,9,7000,250,549
E,7063,9,7000,250,549
E,7064,9,7000,250,549
E,7065,9,7000,250,549
E,7066,9,7000,250,549
E,7067,9,7000,250,549
E,7068,9,7000,250,549
E,7069,9,7000,250,549
E,7070,9,7000,250,549
E,7071,9,7000,250,549
E,7072,9,7000,250,549
E,7073,9,7000,250,549
E,7074,9,7000,250,549
E,7075,9,7000,250,549
E,7076,9,7000,250,549
E,7077,9,7000,250,549
E,7078,9,7000,250,549
E,7079,9,7000,250,549
E,7080,9,7000,250,549
E,7081,9,7000,250,549
E,7082,9,7000,250,549
E,7083,9,7000,250,549
E,7084,9,7000,250,549
E,7085,9,7000,250,549
E,7086,9,7000,250,549
E,7087,9,7000,250,549
E,7088,9,7000,250,549
E,7089,9,7000,250,549
E,7090,9,7000,250,549
E,7091,9,7000,250,549
E,7092,9,7000,250,549
E,7093,9,7000,250,549
E,7094,9,7000,250,549
E,7095,9,7000,250,549
E,7096,9,7000,250,549
E,7097,9,7000,250,549
E,7098,9,7000,250,549
E,7099,9,7000,250,549
E,7100,9,7000,250,549
E,7101,9,7000,250,549
E,7102,9,7000,250,549
E,7103,9,7000,250,549
E,7104,9,7000,250,549
E,7105,9,7000,250,549
E,7106,9,7000,250,549
E,7107,9,7000,250,549
E,7108,9,7000,250,549
E,7109,9,7000,250,549
E,7110,9,7000,250,549
E,7111,9,7000,250,549
E,7112,9,7000,250,549
E,7113,9,7000,250,549
E,7114,9,7000,250,549
E,7115,9,7000,250,549
E,7116,9,7000,250,549
E,7117,9,7000,250,549
E,7118,9,7000,250,549
E,7119,9,7000,250,549
E,7120,9,7000,250,549
E,7121,9,7000,250,549
E,7122,9,7000,250,549
E,7123,9,7000,250,549
E,7124,9,7000,250,549
E,7125,9,7000,250,549
E,7126,9,7000,250,549
E,7127,9,7000,250,549
E,7128,9,7000,250,549
E,7129,9,7000,250,549
E,7130,9,7000,250,549
E,7131,9,7000,250,549
E,7132,9,7000,250,549
E,7133,9,7000,250,549
E,7134,9,7000,250,549
E,7135,9,7000,250,549
E,7136,9,7000,250,549
E,7137,9,7000,250,549
E,7138,9,7000,250,549
E,7139,9,7000,250,549
E,7140,9,7000,250,549
E,7141,9,7000,250,549
E,7142,9,7000,250,549
E,7143,9,7000,250,549
E,7144,9,7000,250,549
E,7145,9,7000,250,549
E,7146,9,7000,250,549
E,7147,9,7000,250,549
E,7148,9,7000,250,549
E,7149,9,7000,250,549
E,7150,9,7000,250,549
E,7151,9,7000,250,549
E,7152,9,7000,250,549
E,7153,9,7000,250,549
E,7154,9,7000,250,549
E,7155,9,7000,250,549
E,7156,9,7000,250,549
E,7157,9,7000,250,549
E,7158,9,7000,250,549
E,7159,9,7000,250,549
E,7160,9,7000,250,549
E,7161,9,7000,250,549
E,7162,9,7000,250,549
E,7163,9,7000,250,549
E,7164,9,7000,250,549
E,7165,9,7000,250,549
E,7166,9,7000,250,549
E,7167,9,7000,250,549
E,7168,9,7000,250,549
E,7169,9,7000,250,556
E,7170,9,7000,250,549
E,7171,9,7000,250,549
E,7172,9,7000,250,549
E,7173,9,7000,250,549
E,7174,9,7000,250,549
E,7175,9,7000,250,549
E,7176,9,7000,250,549
E,7177,9,7000,250,549
E,7178,9,7000,250,549
E,7179,9,7000,250,549
E,7180,9,7000,250,549
E,7181,9,7000,250,549
E,7182,9,7000,250,549
E,7183,9,7000,250,549
E,7184,9,7000,250,549
E,7185,9,7000,250,549
E,7186,9,7000,250,549
E,7187,9,7000,250,549
E,7188,9,7000,250,549
E,7189,9,7000,250,549
E,7190,9,7000,250,549
E,7191,9,7000,250,549
E,7192,9,7000,250,549
E,7193,9,7000,250,549
E,7194,9,7000,250,549
E,7195,9,7000,250,549
E,7196,9,7000,250,549
E,7197,9,7000,250,549
E,7198,9,7000,250,549
E,7199,9,7000,250,549
E,7200,9,7000,250,549
E,7201,9,7000,250,549
E,7202,9,7000,250,549
E,7203,9,7000,250,549
E,7204,9,7000,250,549
E,7205,9,7000,250,549
E,7206,9,7000,250,549
E,7207,9,7000,250,549
E,7208,9,7000,250,549
E,7209,9,7000,250,549
E,7210,9,7000,250,549
E,7211,9,7000,250,549
E,7212,9,7000,250,549
E,7213,9,7000,250,549
E,7214,9,7000,250,549
E,7215,9,7000,250,549
E,7216,9,7000,250,549
E,7217,9,7000,250,549
E,7218,9,7000,250,549
E,7219,9,7000,250,549
E,7220,9,7000,250,549
E,7221,9,7000,250,549
E,7222,9,7000,250,549
E,7223,9,7000,250,549
E,7224,9,7000,250,549
E,7225,9,7000,250,549
E,7226,9,7000,250,549
E,7227,9,7000,250,549
E,7228,9,7000,250,549
E,7229,9,7000,250,549
E,7230,9,7000,250,549
E,7231,9,7000,250,549
E,7232,9,7000,250,549
E,7233,9,7000,250,549
E,7234,9,7000,250,549
E,7235,9,7000,250,549
E,7236,9,7000,250,549
E,7237,9,7000,250,549
E,7238,9,7000,250,549
E,7239,9,7000,250,549
E,7240,9,7000,250,549
E,7241,9,7000,250,549
E,7242,9,7000,250,549
E,7243,9,7000,250,549
E,7244,9,7000,250,549
E,7245,9,7000,250,549
E,7246,9,7000,250,549
E,7247,9,7000,250,549
E,7248,9,7000,250,549
E,7249,9,7000,250,549
E,7250,9,7000,250,549
E,7251,9,7000,250,549
E,7252,9,7000,250,549
E,7253,9,7000,250,549
E,7254,9,7000,250,549
E,7255,9,7000,250,549
E,7256,9,7000,250,549
E,7257,9,7000,250,549
E,7258,9,7000,250,549
E,7259,9,7000,250,549
E,7266,9,7000,250,549
# step 10/13 rpm=7000 period_us=23 ints=300 count=2907
D,step_10,995696938,29,38,36,152,52
H,step_10,180750,26333,0
E,7300,10,8000,250,1309
E,7301,10,8000,250,552
E,7302,10,8000,250,549
E,7303,10,8000,250,549
E,7304,10,8000,250,552
E,7305,10,8000,250,552
E,7306,10,8000,250,549
E,7307,10,8000,250,549
E,7308,10,8000,250,552
E,7309,10,8000,250,552
E,7310,10,8000,250,549
E,7311,10,8000,250,549
E,7312,10,8000,250,552
E,7313,10,8000,250,552
E,7314,10,8000,250,552
E,7315,10,8000,250,549
E,7316,10,8000,250,549
E,7317,10,8000,250,552
E,7318,10,8000,250,552
E,7319,10,8000,250,552
E,7320,10,8000,250,549
E,7321,10,8000,250,549
E,7322,10,8000,250,552
E,7323,10,8000,250,552
E,7324,10,8000,250,552
E,7325,10,8000,250,549
E,7326,10,8000,250,549
E,7327,10,8000,250,552
E,7328,10,8000,250,552
E,7329,10,8000,250,552
E,7330,10,8000,250,549
E,7331,10,8000,250,549
E,7332,10,8000,250,552
E,7333,10,8000,250,552
E,7334,10,8000,250,552
E,7335,10,8000,250,549
E,7336,10,8000,250,549
E,7337,10,8000,250,552
E,7338,10,8000,250,552
E,7339,10,8000,250,552
E,7340,10,8000,250,549
E,7341,10,8000,250,549
E,7342,10,8000,250,552
E,7343,10,8000,250,552
E,7344,10,8000,250,549
E,7345,10,8000,250,549
E,7346,10,8000,250,552
E,7347,10,8000,250,552
E,7348,10,8000,250,552
E,7349,10,8000,250,549
E,7350,10,8000,250,549
E,7351,10,8000,250,552
E,7352,10,8000,250,552
E,7353,10,8000,250,552
E,7354,10,8000,250,549
E,7355,10,8000,250,549
E,7356,10,8000,250,552
E,7357,10,8000,250,552
E,7358,10,8000,250,552
E,7359,10,8000,250,549
E,7360,10,8000,250,549
E,7361,10,8000,250,552
E,7362,10,8000,250,552
E,7363,10,8000,250,552
E,7364,10,8000,250,549
E,7365,10,8000,250,549
E,7366,10,8000,250,552
E,7367,10,8000,250,552
E,7368,10,8000,250,552
E,7369,10,8000,250,549
E,7370,10,8000,250,549
E,7371,10,8000,250,552
E,7372,10,8000,250,552
E,7373,10,8000,250,552
E,7374,10,8000,250,549
E,7375,10,8000,250,549
E,7376,10,8000,250,552
E,7377,10,8000,250,552
E,7378,10,8000,250,552
E,7379,10,8000,250,549
E,7380,10,8000,250,549
E,7381,10,8000,250,552
E,7382,10,8000,250,552
E,7383,10,8000,250,549
E,7384,10,8000,250,549
E,7385,10,8000,250,552
E,7386,10,8000,250,552
E,7387,10,8000,250,552
E,7388,10,8000,250,549
E,7389,10,8000,250,549
E,7390,10,8000,250,552
E,7391,10,8000,250,552
E,7392,10,8000,250,549
E,7393,10,8000,250,549
E,7394,10,8000,250,552
E,7395,10,8000,250,552
E,7396,10,8000,250,552
E,7397,10,8000,250,549
E,7398,10,8000,250,549
E,7399,10,8000,250,552
E,7400,10,8000,250,552
E,7401,10,8000,250,552
E,7402,10,8000,250,549
E,7403,10,8000,250,549
E,7404,10,8000,250,552
E,7405,10,8000,250,552
E,7406,10,8000,250,552
E,7407,10,8000,250,549
E,7408,10,8000,250,549
E,7409,10,8000,250,552
E,7410,10,8000,250,552
E,7411,10,8000,250,552
E,7412,10,8000,250,549
E,7413,10,8000,250,549
E,7414,10,8000,250,552
E,7415,10,8000,250,552
E,7416,10,8000,250,549
E,7417,10,8000,250,549
E,7418,10,8000,250,552
E,7419,10,8000,250,552
E,7420,10,8000,250,552
E,7421,10,8000,250,549
E,7422,10,8000,250,549
E,7423,10,8000,250,552
E,7424,10,8000,250,552
E,7425,10,8000,250,552
E,7426,10,8000,250,549
E,7427,10,8000,250,549
E,7428,10,8000,250,552
E,7429,10,8000,250,552
E,7430,10,8000,250,552
E,7431,10,8000,250,549
E,7432,10,8000,250,549
E,7433,10,8000,250,552
E,7434,10,8000,250,552
E,7435,10,8000,250,552
E,7436,10,8000,250,549
E,7437,10,8000,250,549
E,7438,10,8000,250,552
E,7439,10,8000,250,552
E,7440,10,8000,250,552
E,7441,10,8000,250,549
E,7442,10,8000,250,549
E,7443,10,8000,250,552
E,7444,10,8000,250,552
E,7445,10,8000,250,552
E,7446,10,8000,250,549
E,7447,10,8000,250,549
E,7448,10,8000,250,552
E,7449,10,8000,250,552
E,7450,10,8000,250,549
E,7451,10,8000,250,549
E,7452,10,8000,250,552
E,7453,10,8000,250,552
E,7454,10,8000,250,552
E,7455,10,8000,250,549
E,7456,10,8000,250,549
E,7457,10,8000,250,552
E,7458,10,8000,250,552
E,7459,10,8000,250,552
E,7460,10,8000,250,549
E,7461,10,8000,250,549
E,7462,10,8000,250,552
E,7463,10,8000,250,552
E,7464,10,8000,250,559
E,7465,10,8000,250,549
E,7466,10,8000,250,549
E,7467,10,8000,250,552
E,7468,10,8000,250,552
E,7469,10,8000,250,552
E,7470,10,8000,250,549
E,7471,10,8000,250,549
E,7472,10,8000,250,552
E,7473,10,8000,250,552
E,7474,10,8000,250,552
E,7475,10,8000,250,549
E,7476,10,8000,250,549
E,7477,10,8000,250,552
E,7478,10,8000,250,552
E,7479,10,8000,250,552
E,7480,10,8000,250,549
E,7481,10,8000,250,549
E,7482,10,8000,250,552
E,7483,10,8000,250,552
E,7484,10,8000,250,552
E,7485,10,8000,250,549
E,7486,10,8000,250,549
E,7487,10,8000,250,552
E,7488,10,8000,250,552
E,7489,10,8000,250,549
E,7490,10,8000,250,549
E,7491,10,8000,250,552
E,7492,10,8000,250,552
E,7493,10,8000,250,552
E,7494,10,8000,250,549
E,7495,10,8000,250,549
E,7496,10,8000,250,552
E,7497,10,8000,250,552
E,7498,10,8000,250,552
E,7499,10,8000,250,549
# step 11/13 rpm=8000 period_us=20 ints=200 count=3107
D,step_11,1068426189,94,185,139,161,217
H,step_11,167237,25136,0
E,7500,11,9000,250,1309
E,7501,11,9000,250,549
E,7502,11,9000,250,549
E,7503,11,9000,250,549
E,7504,11,9000,250,552
E,7505,11,9000,250,552
E,7506,11,9000,250,549
E,7507,11,9000,250,549
E,7508,11,9000,250,552
E,7509,11,9000,250,552
E,7510,11,9000,250,549
E,7511,11,9000,250,549
E,7512,11,9000,250,552
E,7513,11,9000,250,552
E,7514,11,9000,250,552
E,7515,11,9000,250,549
E,7516,11,9000,250,549
E,7517,11,9000,250,552
E,7518,11,9000,250,552
E,7519,11,9000,250,552
E,7520,11,9000,250,549
E,7521,11,9000,250,549
E,7522,11,9000,250,552
E,7523,11,9000,250,552
E,7524,11,9000,250,552
E,7525,11,9000,250,549
E,7526,11,9000,250,549
E,7527,11,9000,250,552
E,7528,11,9000,250,552
E,7529,11,9000,250,552
E,7530,11,9000,250,549
E,7531,11,9000,250,549
E,7532,11,9000,250,552
E,7533,11,9000,250,552
E,7534,11,9000,250,552
E,7535,11,9000,250,549
E,7536,11,9000,250,549
E,7537,11,9000,250,552
E,7538,11,9000,250,552
E,7539,11,9000,250,552
E,7540,11,9000,250,549
E,7541,11,9000,250,549
E,7542,11,9000,250,552
E,7543,11,9000,250,552
E,7544,11,9000,250,549
E,7545,11,9000,250,549
E,7546,11,9000,250,552
E,7547,11,9000,250,552
E,7548,11,9000,250,552
E,7549,11,9000,250,549
E,7550,11,9000,250,549
E,7551,11,9000,250,552
E,7552,11,9000,250,552
E,7553,11,9000,250,552
E,7554,11,9000,250,549
E,7555,11,9000,250,549
E,7556,11,9000,250,552
E,7557,11,9000,250,552
E,7558,11,9000,250,552
E,7559,11,9000,250,549
E,7560,11,9000,250,549
E,7561,11,9000,250,552
E,7562,11,9000,250,552
E,7563,11,9000,250,552
E,7564,11,9000,250,549
E,7565,11,9000,250,549
E,7566,11,9000,250,552
E,7567,11,9000,250,552
E,7568,11,9000,250,552
E,7569,11,9000,250,549
E,7570,11,9000,250,549
E,7571,11,9000,250,552
E,7572,11,9000,250,552
E,7573,11,9000,250,552
E,7574,11,9000,250,549
E,7575,11,9000,250,549
E,7576,11,9000,250,552
E,7577,11,9000,250,552
E,7578,11,9000,250,552
E,7579,11,9000,250,549
E,7580,11,9000,250,549
E,7581,11,9000,250,552
E,7582,11,9000,250,552
E,7583,11,9000,250,549
E,7584,11,9000,250,549
E,7585,11,9000,250,552
E,7586,11,9000,250,552
E,7587,11,9000,250,552
E,7588,11,9000,250,549
E,7589,11,9000,250,549
E,7590,11,9000,250,552
E,7591,11,9000,250,552
E,7592,11,9000,250,552
E,7593,11,9000,250,549
E,7594,11,9000,250,549
E,7595,11,9000,250,552
E,7596,11,9000,250,552
E,7597,11,9000,250,552
E,7598,11,9000,250,549
E,7599,11,9000,250,549
E,7600,11,9000,250,552
E,7601,11,9000,250,552
E,7602,11,9000,250,552
E,7603,11,9000,250,549
E,7604,11,9000,250,549
E,7605,11,9000,250,552
E,7606,11,9000,250,552
E,7607,11,9000,250,549
E,7608,11,9000,250,549
E,7609,11,9000,250,552
E,7610,11,9000,250,552
E,7611,11,9000,250,552
E,7612,11,9000,250,549
E,7613,11,9000,250,549
E,7614,11,9000,250,552
E,7615,11,9000,250,552
E,7616,11,9000,250,549
E,7617,11,9000,250,549
E,7618,11,9000,250,552
E,7619,11,9000,250,552
E,7620,11,9000,250,552
E,7621,11,9000,250,549
E,7622,11,9000,250,549
E,7623,11,9000,250,552
E,7624,11,9000,250,552
E,7625,11,9000,250,552
E,7626,11,9000,250,549
E,7627,11,9000,250,549
E,7628,11,9000,250,552
E,7629,11,9000,250,552
E,7630,11,9000,250,552
E,7631,11,9000,250,549
E,7632,11,9000,250,549
E,7633,11,9000,250,552
E,7634,11,9000,250,552
E,7635,11,9000,250,552
E,7636,11,9000,250,549
E,7637,11,9000,250,549
E,7638,11,9000,250,552
E,7639,11,9000,250,552
E,7640,11,9000,250,552
E,7641,11,9000,250,549
E,7642,11,9000,250,549
E,7643,11,9000,250,552
E,7644,11,9000,250,552
E,7645,11,9000,250,552
E,7646,11,9000,250,549
E,7647,11,9000,250,549
E,7648,11,9000,250,552
E,7649,11,9000,2# step 12/13 rpm=9000 period_us=18 ints=150 count=3256
D,step_12,1123263028,119,201,206,51,27
H,step_12,151621,25263,0
50,552
E,7650,12,10000,250,549
E,7651,12,10000,250,552
E,7652,12,10000,250,552
E,7653,12,10000,250,552
E,7654,12,10000,250,552
E,7655,12,10000,250,552
E,7656,12,10000,250,552
E,7657,12,10000,250,549
E,7658,12,10000,250,549
E,7659,12,10000,250,552
E,7660,12,10000,250,552
E,7661,12,10000,250,552
E,7662,12,10000,250,549
E,7663,12,10000,250,549
E,7664,12,10000,250,552
E,7665,12,10000,250,552
E,7666,12,10000,250,552
E,7667,12,10000,250,549
E,7668,12,10000,250,549
E,7669,12,10000,250,552
E,7670,12,10000,250,552
E,7671,12,10000,250,552
E,7672,12,10000,250,549
E,7673,12,10000,250,549
E,7674,12,10000,250,552
E,7675,12,10000,250,552
E,7676,12,10000,250,552
E,7677,12,10000,250,549
E,7678,12,10000,250,549
E,7679,12,10000,250,552
E,7680,12,10000,250,552
E,7681,12,10000,250,552
E,7682,12,10000,250,549
E,7683,12,10000,250,549
E,7684,12,10000,250,552
E,7685,12,10000,250,552
E,7686,12,10000,250,549
E,7687,12,10000,250,549
E,7688,12,10000,250,552
E,7689,12,10000,250,552
E,7690,12,10000,250,552
E,7691,12,10000,250,549
E,7692,12,10000,250,549
E,7693,12,10000,250,552
E,7694,12,10000,250,552
E,7695,12,10000,250,549
E,7696,12,10000,250,549
E,7697,12,10000,250,552
E,7698,12,10000,250,552
E,7699,12,10000,250,552
E,7700,12,10000,250,549
E,7701,12,10000,250,549
E,7702,12,10000,250,552
E,7703,12,10000,250,552
E,7704,12,10000,250,552
E,7705,12,10000,250,549
E,7706,12,10000,250,549
E,7707,12,10000,250,552
E,7708,12,10000,250,552
E,7709,12,10000,250,552
E,7710,12,10000,250,549
E,7711,12,10000,250,549
E,7712,12,10000,250,552
E,7713,12,10000,250,552
E,7714,12,10000,250,549
E,7715,12,10000,250,549
E,7716,12,10000,250,552
E,7717,12,10000,250,552
E,7718,12,10000,250,552
E,7719,12,10000,250,549
E,7720,12,10000,250,556
E,7721,12,10000,250,552
E,7722,12,10000,250,552
E,7723,12,10000,250,549
E,7724,12,10000,250,549
E,7725,12,10000,250,552
E,7726,12,10000,250,552
E,7727,12,10000,250,549
E,7728,12,10000,250,549
E,7729,12,10000,250,552
E,7730,12,10000,250,552
E,7731,12,10000,250,549
E,7732,12,10000,250,549
E,7733,12,10000,250,552
E,7734,12,10000,250,552
E,7735,12,10000,250,552
E,7736,12,10000,250,549
E,7737,12,10000,250,549
E,7738,12,10000,250,552
E,7739,12,10000,250,552
E,7740,12,10000,250,549
E,7741,12,10000,250,549
E,7742,12,10000,250,552
E,7743,12,10000,250,552
E,7744,12,10000,250,552
E,7745,12,10000,250,549
E,7746,12,10000,250,549
E,7747,12,10000,250,552
E,7748,12,10000,250,552
E,7749,12# step 13/13 rpm=10000 period_us=16 ints=100 count=3356
D,step_13,1161852462,9,43,206,1,193
H,step_13,124294,26614,0
,10000,250,549
D,end,1163017821,109,215,206,39,126
H,end,30000,29276,0
drops,4393
samples,3357
=== END ===
